Timestamp,User Question,Bot Answer,Frequency Count,BotAnsClean,Understood_Question
3/9/2025,ต้องการถามเกี่ยวกับทหารต่อ,ขอโทษค่ะ ฉันยังไม่ค่อยเข้าใจสิ่งที่คุณหมายถึง ลองพิมพ์ใหม่อีกครั้งได้ไหมคะ,1,ไม่เข้าใจข้อคำถาม,0
4/2/2025,ต้องการถามเกี่ยวกับทหารต่อ,ขอโทษค่ะ ฉันยังไม่ค่อยเข้าใจสิ่งที่คุณหมายถึง ลองพิมพ์ใหม่อีกครั้งได้ไหมคะ,1,ไม่เข้าใจข้อคำถาม,0
4/7/2025,ถ้าจะใช้สิทธิประกันอุบัติเหตุของมหาวิทยาลัย สามารถใช้ได้กับโรงพยาบาลอะไรได้บ้าง?,ขอโทษค่ะ ฉันยังไม่ค่อยเข้าใจสิ่งที่คุณหมายถึง ลองพิมพ์ใหม่อีกครั้งได้ไหมคะ,1,ไม่เข้าใจข้อคำถาม,0
4/10/2025,ถ้าจะใช้สิทธิประกันอุบัติเหตุของมหาวิทยาลัย สามารถใช้ได้กับโรงพยาบาลอะไรได้บ้าง?,ขอโทษค่ะ ฉันยังไม่ค่อยเข้าใจสิ่งที่คุณหมายถึง ลองพิมพ์ใหม่อีกครั้งได้ไหมคะ,1,ไม่เข้าใจข้อคำถาม,0
3/19/2025,ทะเบียน,ขอโทษค่ะ ฉันยังไม่ค่อยเข้าใจสิ่งที่คุณหมายถึง ลองพิมพ์ใหม่อีกครั้งได้ไหมคะ,1,ไม่เข้าใจข้อคำถาม,0
5/27/2025,ทะเบียน,ขอโทษค่ะ ฉันยังไม่ค่อยเข้าใจสิ่งที่คุณหมายถึง ลองพิมพ์ใหม่อีกครั้งได้ไหมคะ,1,ไม่เข้าใจข้อคำถาม,0
4/19/2025,ทะเล,ขอโทษค่ะ ฉันยังไม่ค่อยเข้าใจสิ่งที่คุณหมายถึง ลองพิมพ์ใหม่อีกครั้งได้ไหมคะ,1,ไม่เข้าใจข้อคำถาม,0
5/27/2025,ทะเล,ขอโทษค่ะ ฉันยังไม่ค่อยเข้าใจสิ่งที่คุณหมายถึง ลองพิมพ์ใหม่อีกครั้งได้ไหมคะ,1,ไม่เข้าใจข้อคำถาม,0
5/26/2025,ทำเรื่องที่ไหน,ขอโทษค่ะ ฉันยังไม่ค่อยเข้าใจสิ่งที่คุณหมายถึง ลองพิมพ์ใหม่อีกครั้งได้ไหมคะ,1,ไม่เข้าใจข้อคำถาม,0
4/28/2025,ทำเรื่องที่ไหน,ขอโทษค่ะ ฉันยังไม่ค่อยเข้าใจสิ่งที่คุณหมายถึง ลองพิมพ์ใหม่อีกครั้งได้ไหมคะ,1,ไม่เข้าใจข้อคำถาม,0
5/24/2025,เทียนหอม,ขอโทษค่ะ ฉันยังไม่ค่อยเข้าใจสิ่งที่คุณหมายถึง ลองพิมพ์ใหม่อีกครั้งได้ไหมคะ,1,ไม่เข้าใจข้อคำถาม,0
5/26/2025,ปลาย,ขอโทษค่ะ ฉันยังไม่ค่อยเข้าใจสิ่งที่คุณหมายถึง ลองพิมพ์ใหม่อีกครั้งได้ไหมคะ,1,ไม่เข้าใจข้อคำถาม,0
5/19/2025,ปากกาไฮไลท์,ขอโทษค่ะ ฉันยังไม่ค่อยเข้าใจสิ่งที่คุณหมายถึง ลองพิมพ์ใหม่อีกครั้งได้ไหมคะ,1,ไม่เข้าใจข้อคำถาม,0
5/24/2025,ปี10,ขอโทษค่ะ ฉันยังไม่ค่อยเข้าใจสิ่งที่คุณหมายถึง ลองพิมพ์ใหม่อีกครั้งได้ไหมคะ,1,ไม่เข้าใจข้อคำถาม,0
5/17/2025,แป๊ปซี่,ขอโทษค่ะ ฉันยังไม่ค่อยเข้าใจสิ่งที่คุณหมายถึง ลองพิมพ์ใหม่อีกครั้งได้ไหมคะ,1,ไม่เข้าใจข้อคำถาม,0
5/28/2025,โป๊ะปัง,ขอโทษค่ะ ฉันยังไม่ค่อยเข้าใจสิ่งที่คุณหมายถึง ลองพิมพ์ใหม่อีกครั้งได้ไหมคะ,1,ไม่เข้าใจข้อคำถาม,0
4/15/2025,ละมุน,ขอโทษค่ะ ฉันยังไม่ค่อยเข้าใจสิ่งที่คุณหมายถึง ลองพิมพ์ใหม่อีกครั้งได้ไหมคะ,1,ไม่เข้าใจข้อคำถาม,0
4/28/2025,จึ้ง,ขอโทษค่ะ ฉันยังไม่ค่อยเข้าใจสิ่งที่คุณหมายถึง ลองพิมพ์ใหม่อีกครั้งได้ไหมคะ,1,ไม่เข้าใจข้อคำถาม,0
5/19/2025,วิบวับ,ขอโทษค่ะ ฉันยังไม่ค่อยเข้าใจสิ่งที่คุณหมายถึง ลองพิมพ์ใหม่อีกครั้งได้ไหมคะ,1,ไม่เข้าใจข้อคำถาม,0
4/21/2025,ปุ๊กปิ๊ก,ขอโทษค่ะ ฉันยังไม่ค่อยเข้าใจสิ่งที่คุณหมายถึง ลองพิมพ์ใหม่อีกครั้งได้ไหมคะ,1,ไม่เข้าใจข้อคำถาม,0
5/18/2025,ฟรุ้งฟริ้ง,ขอโทษค่ะ ฉันยังไม่ค่อยเข้าใจสิ่งที่คุณหมายถึง ลองพิมพ์ใหม่อีกครั้งได้ไหมคะ,1,ไม่เข้าใจข้อคำถาม,0
5/31/2025,งุ้งงิ้ง,ขอโทษค่ะ ฉันยังไม่ค่อยเข้าใจสิ่งที่คุณหมายถึง ลองพิมพ์ใหม่อีกครั้งได้ไหมคะ,1,ไม่เข้าใจข้อคำถาม,0
5/24/2025,บับเบิ้ล,ขอโทษค่ะ ฉันยังไม่ค่อยเข้าใจสิ่งที่คุณหมายถึง ลองพิมพ์ใหม่อีกครั้งได้ไหมคะ,1,ไม่เข้าใจข้อคำถาม,0
5/4/2025,ตุยเย่,ขอโทษค่ะ ฉันยังไม่ค่อยเข้าใจสิ่งที่คุณหมายถึง ลองพิมพ์ใหม่อีกครั้งได้ไหมคะ,1,ไม่เข้าใจข้อคำถาม,0
3/18/2025,จ๊าบ,ขอโทษค่ะ ฉันยังไม่ค่อยเข้าใจสิ่งที่คุณหมายถึง ลองพิมพ์ใหม่อีกครั้งได้ไหมคะ,1,ไม่เข้าใจข้อคำถาม,0
3/12/2025,กุ๊กกิ๊ก,ขอโทษค่ะ ฉันยังไม่ค่อยเข้าใจสิ่งที่คุณหมายถึง ลองพิมพ์ใหม่อีกครั้งได้ไหมคะ,1,ไม่เข้าใจข้อคำถาม,0
5/5/2025,กุ๊งกิ๊ง,ขอโทษค่ะ ฉันยังไม่ค่อยเข้าใจสิ่งที่คุณหมายถึง ลองพิมพ์ใหม่อีกครั้งได้ไหมคะ,1,ไม่เข้าใจข้อคำถาม,0
5/6/2025,กุ้มกิ่ม,ขอโทษค่ะ ฉันยังไม่ค่อยเข้าใจสิ่งที่คุณหมายถึง ลองพิมพ์ใหม่อีกครั้งได้ไหมคะ,1,ไม่เข้าใจข้อคำถาม,0
3/19/2025,แผนการเรียน,ขอโทษค่ะ ฉันยังไม่ค่อยเข้าใจสิ่งที่คุณหมายถึง ลองพิมพ์ใหม่อีกครั้งได้ไหมคะ,1,ไม่เข้าใจข้อคำถาม,0
5/20/2025,พระอาทิตย์,ขอโทษค่ะ ฉันยังไม่ค่อยเข้าใจสิ่งที่คุณหมายถึง ลองพิมพ์ใหม่อีกครั้งได้ไหมคะ,1,ไม่เข้าใจข้อคำถาม,0
3/3/2025,เมาส์,ขอโทษค่ะ ฉันยังไม่ค่อยเข้าใจสิ่งที่คุณหมายถึง ลองพิมพ์ใหม่อีกครั้งได้ไหมคะ,1,ไม่เข้าใจข้อคำถาม,0
3/12/2025,ล่าช้า,ขอโทษค่ะ ฉันยังไม่ค่อยเข้าใจสิ่งที่คุณหมายถึง ลองพิมพ์ใหม่อีกครั้งได้ไหมคะ,1,ไม่เข้าใจข้อคำถาม,0
3/2/2025,ลำโพง,ขอโทษค่ะ ฉันยังไม่ค่อยเข้าใจสิ่งที่คุณหมายถึง ลองพิมพ์ใหม่อีกครั้งได้ไหมคะ,1,ไม่เข้าใจข้อคำถาม,0
4/26/2025,ลุง,ขอโทษค่ะ ฉันยังไม่ค่อยเข้าใจสิ่งที่คุณหมายถึง ลองพิมพ์ใหม่อีกครั้งได้ไหมคะ,1,ไม่เข้าใจข้อคำถาม,0
5/14/2025,วันนี้ขอลา,ขอโทษค่ะ ฉันยังไม่ค่อยเข้าใจสิ่งที่คุณหมายถึง ลองพิมพ์ใหม่อีกครั้งได้ไหมคะ,1,ไม่เข้าใจข้อคำถาม,0
3/29/2025,ส้มโอ,ขอโทษค่ะ ฉันยังไม่ค่อยเข้าใจสิ่งที่คุณหมายถึง ลองพิมพ์ใหม่อีกครั้งได้ไหมคะ,1,ไม่เข้าใจข้อคำถาม,0
5/29/2025,หลวงพี่,ขอโทษค่ะ ฉันยังไม่ค่อยเข้าใจสิ่งที่คุณหมายถึง ลองพิมพ์ใหม่อีกครั้งได้ไหมคะ,1,ไม่เข้าใจข้อคำถาม,0
5/15/2025,หิวข้าว,ขอโทษค่ะ ฉันยังไม่ค่อยเข้าใจสิ่งที่คุณหมายถึง ลองพิมพ์ใหม่อีกครั้งได้ไหมคะ,1,ไม่เข้าใจข้อคำถาม,0
4/5/2025,โหดจัง,ขอโทษค่ะ ฉันยังไม่ค่อยเข้าใจสิ่งที่คุณหมายถึง ลองพิมพ์ใหม่อีกครั้งได้ไหมคะ,1,ไม่เข้าใจข้อคำถาม,0
5/31/2025,อารมณ์เสีย,ขอโทษค่ะ ฉันยังไม่ค่อยเข้าใจสิ่งที่คุณหมายถึง ลองพิมพ์ใหม่อีกครั้งได้ไหมคะ,1,ไม่เข้าใจข้อคำถาม,0
5/26/2025,fitness,ขอโทษค่ะ ฉันยังไม่ค่อยเข้าใจสิ่งที่คุณหมายถึง ลองพิมพ์ใหม่อีกครั้งได้ไหมคะ,1,ไม่เข้าใจข้อคำถาม,0
3/13/2025,pb,ขอโทษค่ะ ฉันยังไม่ค่อยเข้าใจสิ่งที่คุณหมายถึง ลองพิมพ์ใหม่อีกครั้งได้ไหมคะ,1,ไม่เข้าใจข้อคำถาม,0
4/15/2025,ต้องการถามเกี่ยวกับเอกสารต่อ,ฉันไม่เข้าใจความหมาย กรุณาลองพิมพ์ใหม่ค่ะ,1,ไม่เข้าใจข้อคำถาม,0
4/30/2025,ต้องการถามเกี่ยวกับเอกสารต่อ,ฉันไม่เข้าใจความหมาย กรุณาลองพิมพ์ใหม่ค่ะ,1,ไม่เข้าใจข้อคำถาม,0
4/3/2025,ถ้าเอกสารกยศ.ที่ยื่นไปแล้วใส่รายละเอียดผิด ต้องแก้ไขอย่างไร,ฉันไม่เข้าใจความหมาย กรุณาลองพิมพ์ใหม่ค่ะ,1,ไม่เข้าใจข้อคำถาม,0
5/24/2025,ถ้าเอกสารกยศ.ที่ยื่นไปแล้วใส่รายละเอียดผิด ต้องแก้ไขอย่างไร,ฉันไม่เข้าใจความหมาย กรุณาลองพิมพ์ใหม่ค่ะ,1,ไม่เข้าใจข้อคำถาม,0
3/29/2025,บลูทูธ,ฉันไม่เข้าใจความหมาย กรุณาลองพิมพ์ใหม่ค่ะ,1,ไม่เข้าใจข้อคำถาม,0
5/3/2025,บลูทูธ,ฉันไม่เข้าใจความหมาย กรุณาลองพิมพ์ใหม่ค่ะ,1,ไม่เข้าใจข้อคำถาม,0
3/14/2025,บิน,ฉันไม่เข้าใจความหมาย กรุณาลองพิมพ์ใหม่ค่ะ,1,ไม่เข้าใจข้อคำถาม,0
5/15/2025,บิน,ฉันไม่เข้าใจความหมาย กรุณาลองพิมพ์ใหม่ค่ะ,1,ไม่เข้าใจข้อคำถาม,0
5/23/2025,ปวดหัว,ฉันไม่เข้าใจความหมาย กรุณาลองพิมพ์ใหม่ค่ะ,1,ไม่เข้าใจข้อคำถาม,0
3/10/2025,ปี 2 เทอม 2 ลงทะเบียนวันไหน,ฉันไม่เข้าใจความหมาย กรุณาลองพิมพ์ใหม่ค่ะ,1,ไม่เข้าใจข้อคำถาม,0
3/15/2025,ผู้กู้รายใหม่ต้องสำรองจ่ายค่าเทอมก่อนหรือไม่?,ฉันไม่เข้าใจความหมาย กรุณาลองพิมพ์ใหม่ค่ะ,1,ไม่เข้าใจข้อคำถาม,0
5/16/2025,พ่อมารับยัง,ฉันไม่เข้าใจความหมาย กรุณาลองพิมพ์ใหม่ค่ะ,1,ไม่เข้าใจข้อคำถาม,0
3/6/2025,เมน,ฉันไม่เข้าใจความหมาย กรุณาลองพิมพ์ใหม่ค่ะ,1,ไม่เข้าใจข้อคำถาม,0
5/28/2025,เมนู,ฉันไม่เข้าใจความหมาย กรุณาลองพิมพ์ใหม่ค่ะ,1,ไม่เข้าใจข้อคำถาม,0
4/22/2025,ยย,ฉันไม่เข้าใจความหมาย กรุณาลองพิมพ์ใหม่ค่ะ,1,ไม่เข้าใจข้อคำถาม,0
5/2/2025,ยื่นใบคำขอและหลักฐานขอผ่อนผันการเกณฑ์ทหารได้ตั้งแต่เดือนไหน,ฉันไม่เข้าใจความหมาย กรุณาลองพิมพ์ใหม่ค่ะ,1,ไม่เข้าใจข้อคำถาม,0
5/25/2025,รรร,ฉันไม่เข้าใจความหมาย กรุณาลองพิมพ์ใหม่ค่ะ,1,ไม่เข้าใจข้อคำถาม,0
5/26/2025,ลงทะเบียนเรียนไม่ทัน,ฉันไม่เข้าใจความหมาย กรุณาลองพิมพ์ใหม่ค่ะ,1,ไม่เข้าใจข้อคำถาม,0
5/29/2025,ลานกิจกรรม,ฉันไม่เข้าใจความหมาย กรุณาลองพิมพ์ใหม่ค่ะ,1,ไม่เข้าใจข้อคำถาม,0
5/21/2025,ลาบูบู้,ฉันไม่เข้าใจความหมาย กรุณาลองพิมพ์ใหม่ค่ะ,1,ไม่เข้าใจข้อคำถาม,0
5/24/2025,วิทยาลัย,ฉันไม่เข้าใจความหมาย กรุณาลองพิมพ์ใหม่ค่ะ,1,ไม่เข้าใจข้อคำถาม,0
5/24/2025,สสส,ฉันไม่เข้าใจความหมาย กรุณาลองพิมพ์ใหม่ค่ะ,1,ไม่เข้าใจข้อคำถาม,0
5/16/2025,สอบกลางภาค 2/2567 วันไหนบ้าง?,ฉันไม่เข้าใจความหมาย กรุณาลองพิมพ์ใหม่ค่ะ,1,ไม่เข้าใจข้อคำถาม,0
3/5/2025,abc xyz สอบอิหยังวะ,ฉันไม่เข้าใจความหมาย กรุณาลองพิมพ์ใหม่ค่ะ,1,ไม่เข้าใจข้อคำถาม,0
4/2/2025,https://reg2.rmutk.ac.th/registrar/home.asp?avs=45622.6903356481,ฉันไม่เข้าใจความหมาย กรุณาลองพิมพ์ใหม่ค่ะ,1,ไม่เข้าใจข้อคำถาม,0
4/25/2025,ต้องการถามเกี่ยวกับประกันอุบัติเหตุอีกไหม,ฉันไม่เข้าใจค่ะ กรุณาลองพิมพ์ใหม่ค่ะ,1,ไม่เข้าใจข้อคำถาม,0
5/25/2025,ต้องการถามเกี่ยวกับประกันอุบัติเหตุอีกไหม,ฉันไม่เข้าใจค่ะ กรุณาลองพิมพ์ใหม่ค่ะ,1,ไม่เข้าใจข้อคำถาม,0
3/20/2025,ทหาร,ฉันไม่เข้าใจค่ะ กรุณาลองพิมพ์ใหม่ค่ะ,1,ไม่เข้าใจข้อคำถาม,0
3/27/2025,ทหาร,ฉันไม่เข้าใจค่ะ กรุณาลองพิมพ์ใหม่ค่ะ,1,ไม่เข้าใจข้อคำถาม,0
5/22/2025,น้ำหอม,ฉันไม่เข้าใจค่ะ กรุณาลองพิมพ์ใหม่ค่ะ,1,ไม่เข้าใจข้อคำถาม,0
5/22/2025,น้ำหอม,ฉันไม่เข้าใจค่ะ กรุณาลองพิมพ์ใหม่ค่ะ,1,ไม่เข้าใจข้อคำถาม,0
5/19/2025,ในการผ่อนผันการเกณฑ์ทหารต้องใช้เอกสารอะไรบ้าง,ฉันไม่เข้าใจค่ะ กรุณาลองพิมพ์ใหม่ค่ะ,1,ไม่เข้าใจข้อคำถาม,0
5/9/2025,ในการผ่อนผันการเกณฑ์ทหารต้องใช้เอกสารอะไรบ้าง,ฉันไม่เข้าใจค่ะ กรุณาลองพิมพ์ใหม่ค่ะ,1,ไม่เข้าใจข้อคำถาม,0
3/16/2025,บัค,ฉันไม่เข้าใจค่ะ กรุณาลองพิมพ์ใหม่ค่ะ,1,ไม่เข้าใจข้อคำถาม,0
5/31/2025,บัค,ฉันไม่เข้าใจค่ะ กรุณาลองพิมพ์ใหม่ค่ะ,1,ไม่เข้าใจข้อคำถาม,0
3/24/2025,ปี3,ฉันไม่เข้าใจค่ะ กรุณาลองพิมพ์ใหม่ค่ะ,1,ไม่เข้าใจข้อคำถาม,0
5/17/2025,ปี 3 เทอม 2 ลงทะเบียนวันไหน,ฉันไม่เข้าใจค่ะ กรุณาลองพิมพ์ใหม่ค่ะ,1,ไม่เข้าใจข้อคำถาม,0
4/29/2025,ปี4,ฉันไม่เข้าใจค่ะ กรุณาลองพิมพ์ใหม่ค่ะ,1,ไม่เข้าใจข้อคำถาม,0
5/23/2025,ปี 4 เทอม 2 ลงทะเบียนวันไหน,ฉันไม่เข้าใจค่ะ กรุณาลองพิมพ์ใหม่ค่ะ,1,ไม่เข้าใจข้อคำถาม,0
4/1/2025,ปี 4 เทอม 2 ลงทะเบียนวันไหน,ฉันไม่เข้าใจค่ะ กรุณาลองพิมพ์ใหม่ค่ะ,1,ไม่เข้าใจข้อคำถาม,0
4/8/2025,ผ่อนผันค่าเทอม,ฉันไม่เข้าใจค่ะ กรุณาลองพิมพ์ใหม่ค่ะ,1,ไม่เข้าใจข้อคำถาม,0
5/11/2025,ฟิตเนสอยู่ตึกไหน,ฉันไม่เข้าใจค่ะ กรุณาลองพิมพ์ใหม่ค่ะ,1,ไม่เข้าใจข้อคำถาม,0
5/20/2025,แฟ้มเอกสาร,ฉันไม่เข้าใจค่ะ กรุณาลองพิมพ์ใหม่ค่ะ,1,ไม่เข้าใจข้อคำถาม,0
5/24/2025,มีบัค,ฉันไม่เข้าใจค่ะ กรุณาลองพิมพ์ใหม่ค่ะ,1,ไม่เข้าใจข้อคำถาม,0
4/10/2025,มีวิชาเดินเรือหรือไม่,ฉันไม่เข้าใจค่ะ กรุณาลองพิมพ์ใหม่ค่ะ,1,ไม่เข้าใจข้อคำถาม,0
5/20/2025,เมื่อไหร่จะได้ลงทะเบียน,ฉันไม่เข้าใจค่ะ กรุณาลองพิมพ์ใหม่ค่ะ,1,ไม่เข้าใจข้อคำถาม,0
5/25/2025,เมื่อไหร่ลงทะเบียน,ฉันไม่เข้าใจค่ะ กรุณาลองพิมพ์ใหม่ค่ะ,1,ไม่เข้าใจข้อคำถาม,0
3/14/2025,แม่น้ำ,ฉันไม่เข้าใจค่ะ กรุณาลองพิมพ์ใหม่ค่ะ,1,ไม่เข้าใจข้อคำถาม,0
4/3/2025,โมโห,ฉันไม่เข้าใจค่ะ กรุณาลองพิมพ์ใหม่ค่ะ,1,ไม่เข้าใจข้อคำถาม,0
3/13/2025,ไม่,ฉันไม่เข้าใจค่ะ กรุณาลองพิมพ์ใหม่ค่ะ,1,ไม่เข้าใจข้อคำถาม,0
5/30/2025,ไม่อยากเอฟ,ฉันไม่เข้าใจค่ะ กรุณาลองพิมพ์ใหม่ค่ะ,1,ไม่เข้าใจข้อคำถาม,0
4/20/2025,ยื่นคำขอกู้ยืมผ่านระบบไปแล้วรอพิจารณานานหรือไม่,ฉันไม่เข้าใจค่ะ กรุณาลองพิมพ์ใหม่ค่ะ,1,ไม่เข้าใจข้อคำถาม,0
3/27/2025,ยื่นเอกสารผ่อนผันทหารวันไหน,ฉันไม่เข้าใจค่ะ กรุณาลองพิมพ์ใหม่ค่ะ,1,ไม่เข้าใจข้อคำถาม,0
3/5/2025,ระยะการคุ้มครองประกันอุบัติเหตุเริ่มตั้งแต่วันไหนถึงวันไหน?,ฉันไม่เข้าใจค่ะ กรุณาลองพิมพ์ใหม่ค่ะ,1,ไม่เข้าใจข้อคำถาม,0
4/18/2025,รูปแบบเก็บชั่วโมงจิตอาสา?,ฉันไม่เข้าใจค่ะ กรุณาลองพิมพ์ใหม่ค่ะ,1,ไม่เข้าใจข้อคำถาม,0
4/15/2025,รูปแบบเก็บชั่วโมงจิตอาสา,ฉันไม่เข้าใจค่ะ กรุณาลองพิมพ์ใหม่ค่ะ,1,ไม่เข้าใจข้อคำถาม,0
3/16/2025,ลงทะเบียนกี่โมง,ฉันไม่เข้าใจค่ะ กรุณาลองพิมพ์ใหม่ค่ะ,1,ไม่เข้าใจข้อคำถาม,0
3/1/2025,ลำโพง,ฉันไม่เข้าใจค่ะ กรุณาลองพิมพ์ใหม่ค่ะ,1,ไม่เข้าใจข้อคำถาม,0
4/13/2025,วันสอบตามปีการศึกษา (กลางภาค 1/2567),ฉันไม่เข้าใจค่ะ กรุณาลองพิมพ์ใหม่ค่ะ,1,ไม่เข้าใจข้อคำถาม,0
4/20/2025,สอบฤดูร้อนปลายภาควันไหนบ้าง,ฉันไม่เข้าใจค่ะ กรุณาลองพิมพ์ใหม่ค่ะ,1,ไม่เข้าใจข้อคำถาม,0
4/17/2025,สามารถทำเรื่องกู้ กยศ.ได้ที่ไหน?,ฉันไม่เข้าใจค่ะ กรุณาลองพิมพ์ใหม่ค่ะ,1,ไม่เข้าใจข้อคำถาม,0
4/27/2025,ห้างสรรพสินค้า,ฉันไม่เข้าใจค่ะ กรุณาลองพิมพ์ใหม่ค่ะ,1,ไม่เข้าใจข้อคำถาม,0
5/7/2025,https://liff.line.me/2007290155-4dDJeJQr,ฉันไม่เข้าใจค่ะ กรุณาลองพิมพ์ใหม่ค่ะ,1,ไม่เข้าใจข้อคำถาม,0
3/1/2025,ประกันอุบัติเหตุนักศึกษาคุ้มครองช่วงไหนและขอเคลมค่ารักษายังไง,ฉันสับสน กรุณาลองพิมพ์ใหม่ค่ะ,1,ไม่เข้าใจข้อคำถาม,0
5/7/2025,ปราสาท,ฉันสับสน กรุณาลองพิมพ์ใหม่ค่ะ,1,ไม่เข้าใจข้อคำถาม,0
3/9/2025,ปริญญา,ฉันสับสน กรุณาลองพิมพ์ใหม่ค่ะ,1,ไม่เข้าใจข้อคำถาม,0
4/13/2025,ปี 1 เทอม 1 ลงทะเบียนวันไหน,ฉันสับสน กรุณาลองพิมพ์ใหม่ค่ะ,1,ไม่เข้าใจข้อคำถาม,0
5/28/2025,ปี 1 เทอม 2 ลงทะเบียนวันไหน,ฉันสับสน กรุณาลองพิมพ์ใหม่ค่ะ,1,ไม่เข้าใจข้อคำถาม,0
5/11/2025,ปี2,ฉันสับสน กรุณาลองพิมพ์ใหม่ค่ะ,1,ไม่เข้าใจข้อคำถาม,0
5/14/2025,ปี 2 เทอม 1 ลงทะเบียนวันไหน,ฉันสับสน กรุณาลองพิมพ์ใหม่ค่ะ,1,ไม่เข้าใจข้อคำถาม,0
5/14/2025,พี่,ฉันสับสน กรุณาลองพิมพ์ใหม่ค่ะ,1,ไม่เข้าใจข้อคำถาม,0
3/17/2025,มีฟิตเนสไหม,ฉันสับสน กรุณาลองพิมพ์ใหม่ค่ะ,1,ไม่เข้าใจข้อคำถาม,0
5/21/2025,มีวิชาเดินเรือไหม,ฉันสับสน กรุณาลองพิมพ์ใหม่ค่ะ,1,ไม่เข้าใจข้อคำถาม,0
5/2/2025,ย,ฉันสับสน กรุณาลองพิมพ์ใหม่ค่ะ,1,ไม่เข้าใจข้อคำถาม,0
4/21/2025,ระบบช้ามาก อยากให้ไวกว่านี้,ฉันสับสน กรุณาลองพิมพ์ใหม่ค่ะ,1,ไม่เข้าใจข้อคำถาม,0
3/2/2025,ลงทะเบียนเรียน,ฉันสับสน กรุณาลองพิมพ์ใหม่ค่ะ,1,ไม่เข้าใจข้อคำถาม,0
5/2/2025,แมว,ฉันสับสน กรุณาลองพิมพ์ใหม่ค่ะ,1,ไม่เข้าใจข้อคำถาม,0
5/7/2025,ขอเติมแมว,ฉันสับสน กรุณาลองพิมพ์ใหม่ค่ะ,1,ไม่เข้าใจข้อคำถาม,0
5/14/2025,อยากกินไอติม,ฉันสับสน กรุณาลองพิมพ์ใหม่ค่ะ,1,ไม่เข้าใจข้อคำถาม,0
4/17/2025,ยาดม,ฉันสับสน กรุณาลองพิมพ์ใหม่ค่ะ,1,ไม่เข้าใจข้อคำถาม,0
5/23/2025,หนังสือเล่มไหนดี,ฉันสับสน กรุณาลองพิมพ์ใหม่ค่ะ,1,ไม่เข้าใจข้อคำถาม,0
3/8/2025,USB,ฉันสับสน กรุณาลองพิมพ์ใหม่ค่ะ,1,ไม่เข้าใจข้อคำถาม,0
3/8/2025,ส่วนของเอกสารการเกณฑ์ทหาร ข้อมูลไม่ถูกต้องนะ แก้ให้หน่อย,ฉันสับสน กรุณาลองพิมพ์ใหม่ค่ะ,1,ไม่เข้าใจข้อคำถาม,0
4/19/2025,สามารถสอบย้อนหลังได้ไหม,ฉันสับสน กรุณาลองพิมพ์ใหม่ค่ะ,1,ไม่เข้าใจข้อคำถาม,0
5/22/2025,เอกสารการเรียน,ฉันสับสน กรุณาลองพิมพ์ใหม่ค่ะ,1,ไม่เข้าใจข้อคำถาม,0
5/22/2025,ชุย,ฉันสับสน กรุณาลองพิมพ์ใหม่ค่ะ,1,ไม่เข้าใจข้อคำถาม,0
4/5/2025,ไอซ์,ฉันสับสน กรุณาลองพิมพ์ใหม่ค่ะ,1,ไม่เข้าใจข้อคำถาม,0
5/21/2025,https://1ae2-2001-fb1-2f-4adf-75ce-4406-153e-fd1d.ngrok-free.app,ฉันสับสน กรุณาลองพิมพ์ใหม่ค่ะ,1,ไม่เข้าใจข้อคำถาม,0
5/22/2025,Render ใช้เวลา15นาที ในการกลับไปหน้าืโหลดใหม่ ที่โหลดนานๆ,ฉันสับสน กรุณาลองพิมพ์ใหม่ค่ะ,1,ไม่เข้าใจข้อคำถาม,0
5/21/2025,ถ้าเกิดยื่นใช้สิทธิประกันอุบัติเหตุของมหาวิทยาลัย ต้องติดต่อใคร,ว่ายังไงนะคะ กรุณาลองพิมพ์ใหม่ค่ะ,1,ไม่เข้าใจข้อคำถาม,0
5/23/2025,ถ้าเกิดยื่นใช้สิทธิประกันอุบัติเหตุของมหาวิทยาลัย ต้องติดต่อใคร,ว่ายังไงนะคะ กรุณาลองพิมพ์ใหม่ค่ะ,1,ไม่เข้าใจข้อคำถาม,0
3/30/2025,ถ้าจะขอผ่อนผันการชำระค่าเทอมสามารถติดต่อใครได้บ้าง,ว่ายังไงนะคะ กรุณาลองพิมพ์ใหม่ค่ะ,1,ไม่เข้าใจข้อคำถาม,0
5/23/2025,ถ้าจะขอผ่อนผันการชำระค่าเทอมสามารถติดต่อใครได้บ้าง,ว่ายังไงนะคะ กรุณาลองพิมพ์ใหม่ค่ะ,1,ไม่เข้าใจข้อคำถาม,0
3/15/2025,ในการกู้ กยศ. ต้องใช้เอกสารอะไรบ้าง,ว่ายังไงนะคะ กรุณาลองพิมพ์ใหม่ค่ะ,1,ไม่เข้าใจข้อคำถาม,0
5/22/2025,ในการกู้ กยศ. ต้องใช้เอกสารอะไรบ้าง,ว่ายังไงนะคะ กรุณาลองพิมพ์ใหม่ค่ะ,1,ไม่เข้าใจข้อคำถาม,0
5/21/2025,บันได,ว่ายังไงนะคะ กรุณาลองพิมพ์ใหม่ค่ะ,1,ไม่เข้าใจข้อคำถาม,0
4/20/2025,บันได,ว่ายังไงนะคะ กรุณาลองพิมพ์ใหม่ค่ะ,1,ไม่เข้าใจข้อคำถาม,0
5/21/2025,ประกัน,ว่ายังไงนะคะ กรุณาลองพิมพ์ใหม่ค่ะ,1,ไม่เข้าใจข้อคำถาม,0
5/15/2025,ประกันอุบัติเหตุ,ว่ายังไงนะคะ กรุณาลองพิมพ์ใหม่ค่ะ,1,ไม่เข้าใจข้อคำถาม,0
4/17/2025,ปี 1,ว่ายังไงนะคะ กรุณาลองพิมพ์ใหม่ค่ะ,1,ไม่เข้าใจข้อคำถาม,0
3/1/2025,ปี 3 เทอม 1 ลงทะเบียนวันไหน,ว่ายังไงนะคะ กรุณาลองพิมพ์ใหม่ค่ะ,1,ไม่เข้าใจข้อคำถาม,0
3/26/2025,ปี 4 เทอม 1 ลงทะเบียนวันไหน,ว่ายังไงนะคะ กรุณาลองพิมพ์ใหม่ค่ะ,1,ไม่เข้าใจข้อคำถาม,0
3/20/2025,ปี5,ว่ายังไงนะคะ กรุณาลองพิมพ์ใหม่ค่ะ,1,ไม่เข้าใจข้อคำถาม,0
4/16/2025,ผ่อนผัน,ว่ายังไงนะคะ กรุณาลองพิมพ์ใหม่ค่ะ,1,ไม่เข้าใจข้อคำถาม,0
5/4/2025,ผ่อนผันทหารต้องทำยังไง,ว่ายังไงนะคะ กรุณาลองพิมพ์ใหม่ค่ะ,1,ไม่เข้าใจข้อคำถาม,0
3/16/2025,ผ่อนผันทหารทำยังไง,ว่ายังไงนะคะ กรุณาลองพิมพ์ใหม่ค่ะ,1,ไม่เข้าใจข้อคำถาม,0
5/29/2025,พานทอง,ว่ายังไงนะคะ กรุณาลองพิมพ์ใหม่ค่ะ,1,ไม่เข้าใจข้อคำถาม,0
4/13/2025,พิธีรับปริญญา,ว่ายังไงนะคะ กรุณาลองพิมพ์ใหม่ค่ะ,1,ไม่เข้าใจข้อคำถาม,0
5/13/2025,มีระบบจองห้องสมุดไหม,ว่ายังไงนะคะ กรุณาลองพิมพ์ใหม่ค่ะ,1,ไม่เข้าใจข้อคำถาม,0
4/19/2025,มึง,ว่ายังไงนะคะ กรุณาลองพิมพ์ใหม่ค่ะ,1,ไม่เข้าใจข้อคำถาม,0
3/9/2025,ยื่นขอผ่อนค่าเทอมยังไง,ว่ายังไงนะคะ กรุณาลองพิมพ์ใหม่ค่ะ,1,ไม่เข้าใจข้อคำถาม,0
5/20/2025,ระบบดีมาก,ว่ายังไงนะคะ กรุณาลองพิมพ์ใหม่ค่ะ,1,ไม่เข้าใจข้อคำถาม,0
5/22/2025,วง,ว่ายังไงนะคะ กรุณาลองพิมพ์ใหม่ค่ะ,1,ไม่เข้าใจข้อคำถาม,0
5/26/2025,สอบกลางภาค 1/2567 วันไหนบ้าง?,ว่ายังไงนะคะ กรุณาลองพิมพ์ใหม่ค่ะ,1,ไม่เข้าใจข้อคำถาม,0
5/31/2025,เอ๋อ,ว่ายังไงนะคะ กรุณาลองพิมพ์ใหม่ค่ะ,1,ไม่เข้าใจข้อคำถาม,0
3/8/2025,เเหม่ม,ว่ายังไงนะคะ กรุณาลองพิมพ์ใหม่ค่ะ,1,ไม่เข้าใจข้อคำถาม,0
5/22/2025,Summer,ว่ายังไงนะคะ กรุณาลองพิมพ์ใหม่ค่ะ,1,ไม่เข้าใจข้อคำถาม,0
3/8/2025,สมัครสมาชิก,บอทตอบกลับ,1,เข้าใจข้อคำถาม,1
4/29/2025,สมัครสมาชิก,บอทตอบกลับ,1,เข้าใจข้อคำถาม,1
4/24/2025,สมัครสมาชิก,บอทตอบกลับ,1,เข้าใจข้อคำถาม,1
5/21/2025,สมัครสมาชิก,บอทตอบกลับ,1,เข้าใจข้อคำถาม,1
4/4/2025,สมัครสมาชิก,บอทตอบกลับ,1,เข้าใจข้อคำถาม,1
5/7/2025,สมัครสมาชิก,บอทตอบกลับ,1,เข้าใจข้อคำถาม,1
4/25/2025,สมัครสมาชิก,บอทตอบกลับ,1,เข้าใจข้อคำถาม,1
5/29/2025,สมัครสมาชิก,บอทตอบกลับ,1,เข้าใจข้อคำถาม,1
5/18/2025,สมัครสมาชิก,บอทตอบกลับ,1,เข้าใจข้อคำถาม,1
5/23/2025,สมัครสมาชิก,บอทตอบกลับ,1,เข้าใจข้อคำถาม,1
5/21/2025,สมัครสมาชิก,บอทตอบกลับ,1,เข้าใจข้อคำถาม,1
5/16/2025,สมัครสมาชิก,บอทตอบกลับ,1,เข้าใจข้อคำถาม,1
5/24/2025,สมัครสมาชิก,บอทตอบกลับ,1,เข้าใจข้อคำถาม,1
4/17/2025,สมัครสมาชิก,บอทตอบกลับ,1,เข้าใจข้อคำถาม,1
5/30/2025,สมัครสมาชิก,บอทตอบกลับ,1,เข้าใจข้อคำถาม,1
5/30/2025,สมัครสมาชิก,บอทตอบกลับ,1,เข้าใจข้อคำถาม,1
4/24/2025,สมัครสมาชิก,บอทตอบกลับ,1,เข้าใจข้อคำถาม,1
3/22/2025,สมัครสมาชิก,บอทตอบกลับ,1,เข้าใจข้อคำถาม,1
3/20/2025,สมัครสมาชิก,บอทตอบกลับ,1,เข้าใจข้อคำถาม,1
5/24/2025,สมัครสมาชิก,บอทตอบกลับ,1,เข้าใจข้อคำถาม,1
5/14/2025,สมัครสมาชิก,บอทตอบกลับ,1,เข้าใจข้อคำถาม,1
4/22/2025,สมัครสมาชิก,บอทตอบกลับ,1,เข้าใจข้อคำถาม,1
5/25/2025,สมัครสมาชิก,บอทตอบกลับ,1,เข้าใจข้อคำถาม,1
5/26/2025,สมัครสมาชิก,บอทตอบกลับ,1,เข้าใจข้อคำถาม,1
3/30/2025,สมัครสมาชิก,บอทตอบกลับ,1,เข้าใจข้อคำถาม,1
5/18/2025,สมัครสมาชิก,บอทตอบกลับ,1,เข้าใจข้อคำถาม,1
3/15/2025,สมัครสมาชิก,บอทตอบกลับ,1,เข้าใจข้อคำถาม,1
5/3/2025,สมัครสมาชิก,บอทตอบกลับ,1,เข้าใจข้อคำถาม,1
5/25/2025,สมัครสมาชิก,บอทตอบกลับ,1,เข้าใจข้อคำถาม,1
3/6/2025,สมัครสมาชิก,บอทตอบกลับ,1,เข้าใจข้อคำถาม,1
4/17/2025,สมัครสมาชิก,บอทตอบกลับ,1,เข้าใจข้อคำถาม,1
3/1/2025,สมัครสมาชิก,บอทตอบกลับ,1,เข้าใจข้อคำถาม,1
3/30/2025,สมัครสมาชิก,บอทตอบกลับ,1,เข้าใจข้อคำถาม,1
5/19/2025,สมัครสมาชิก,บอทตอบกลับ,1,เข้าใจข้อคำถาม,1
5/22/2025,สมัครสมาชิก,บอทตอบกลับ,1,เข้าใจข้อคำถาม,1
3/15/2025,สมัครสมาชิก,บอทตอบกลับ,1,เข้าใจข้อคำถาม,1
5/23/2025,สมัครสมาชิก,บอทตอบกลับ,1,เข้าใจข้อคำถาม,1
5/2/2025,สมัครสมาชิก,บอทตอบกลับ,1,เข้าใจข้อคำถาม,1
5/17/2025,สมัครสมาชิก,บอทตอบกลับ,1,เข้าใจข้อคำถาม,1
5/27/2025,สมัครสมาชิก,บอทตอบกลับ,1,เข้าใจข้อคำถาม,1
4/6/2025,สมัครสมาชิก,บอทตอบกลับ,1,เข้าใจข้อคำถาม,1
3/11/2025,สมัครสมาชิก,บอทตอบกลับ,1,เข้าใจข้อคำถาม,1
4/19/2025,สมัครสมาชิก,บอทตอบกลับ,1,เข้าใจข้อคำถาม,1
3/26/2025,สมัครสมาชิก,บอทตอบกลับ,1,เข้าใจข้อคำถาม,1
4/30/2025,สมัครสมาชิก,บอทตอบกลับ,1,เข้าใจข้อคำถาม,1
5/20/2025,สมัครสมาชิก,บอทตอบกลับ,1,เข้าใจข้อคำถาม,1
4/9/2025,สมัครสมาชิก,บอทตอบกลับ,1,เข้าใจข้อคำถาม,1
4/6/2025,สมัครสมาชิก,บอทตอบกลับ,1,เข้าใจข้อคำถาม,1
5/26/2025,สมัครสมาชิก,บอทตอบกลับ,1,เข้าใจข้อคำถาม,1
5/20/2025,สมัครสมาชิก,บอทตอบกลับ,1,เข้าใจข้อคำถาม,1
5/16/2025,สมัครสมาชิก,บอทตอบกลับ,1,เข้าใจข้อคำถาม,1
3/28/2025,สมัครสมาชิก,บอทตอบกลับ,1,เข้าใจข้อคำถาม,1
5/25/2025,สมัครสมาชิก,บอทตอบกลับ,1,เข้าใจข้อคำถาม,1
5/24/2025,สมัครสมาชิก,บอทตอบกลับ,1,เข้าใจข้อคำถาม,1
4/25/2025,สมัครสมาชิก,บอทตอบกลับ,1,เข้าใจข้อคำถาม,1
4/6/2025,สมัครสมาชิก,บอทตอบกลับ,1,เข้าใจข้อคำถาม,1
5/15/2025,สมัครสมาชิก,บอทตอบกลับ,1,เข้าใจข้อคำถาม,1
5/16/2025,สมัครสมาชิก,บอทตอบกลับ,1,เข้าใจข้อคำถาม,1
5/13/2025,สมัครสมาชิก,บอทตอบกลับ,1,เข้าใจข้อคำถาม,1
5/14/2025,สมัครสมาชิก,บอทตอบกลับ,1,เข้าใจข้อคำถาม,1
5/14/2025,สมัครสมาชิก,บอทตอบกลับ,1,เข้าใจข้อคำถาม,1
3/29/2025,สมัครสมาชิก,บอทตอบกลับ,1,เข้าใจข้อคำถาม,1
4/12/2025,สมัครสมาชิก,บอทตอบกลับ,1,เข้าใจข้อคำถาม,1
5/23/2025,สมัครสมาชิก,บอทตอบกลับ,1,เข้าใจข้อคำถาม,1
4/25/2025,สมัครสมาชิก,บอทตอบกลับ,1,เข้าใจข้อคำถาม,1
5/10/2025,สมัครสมาชิก,บอทตอบกลับ,1,เข้าใจข้อคำถาม,1
4/12/2025,สมัครสมาชิก,บอทตอบกลับ,1,เข้าใจข้อคำถาม,1
4/9/2025,สมัครสมาชิก,บอทตอบกลับ,1,เข้าใจข้อคำถาม,1
4/15/2025,สมัครสมาชิก,บอทตอบกลับ,1,เข้าใจข้อคำถาม,1
5/8/2025,สมัครสมาชิก,บอทตอบกลับ,1,เข้าใจข้อคำถาม,1
5/24/2025,สมัครสมาชิก,บอทตอบกลับ,1,เข้าใจข้อคำถาม,1
4/30/2025,สมัครสมาชิก,บอทตอบกลับ,1,เข้าใจข้อคำถาม,1
5/23/2025,สมัครสมาชิก,บอทตอบกลับ,1,เข้าใจข้อคำถาม,1
5/12/2025,สมัครสมาชิก,บอทตอบกลับ,1,เข้าใจข้อคำถาม,1
5/23/2025,สมัครสมาชิก,บอทตอบกลับ,1,เข้าใจข้อคำถาม,1
5/25/2025,สมัครสมาชิก,บอทตอบกลับ,1,เข้าใจข้อคำถาม,1
5/19/2025,สมัครสมาชิก,บอทตอบกลับ,1,เข้าใจข้อคำถาม,1
3/4/2025,สมัครสมาชิก,บอทตอบกลับ,1,เข้าใจข้อคำถาม,1
5/25/2025,สมัครสมาชิก,บอทตอบกลับ,1,เข้าใจข้อคำถาม,1
4/12/2025,สมัครสมาชิก,บอทตอบกลับ,1,เข้าใจข้อคำถาม,1
5/27/2025,สมัครสมาชิก,บอทตอบกลับ,1,เข้าใจข้อคำถาม,1
5/5/2025,สมัครสมาชิก,บอทตอบกลับ,1,เข้าใจข้อคำถาม,1
4/12/2025,สมัครสมาชิก,บอทตอบกลับ,1,เข้าใจข้อคำถาม,1
4/27/2025,สมัครสมาชิก,บอทตอบกลับ,1,เข้าใจข้อคำถาม,1
4/7/2025,สมัครสมาชิก,บอทตอบกลับ,1,เข้าใจข้อคำถาม,1
5/28/2025,สมัครสมาชิก,บอทตอบกลับ,1,เข้าใจข้อคำถาม,1
5/29/2025,สมัครสมาชิก,บอทตอบกลับ,1,เข้าใจข้อคำถาม,1
3/14/2025,สมัครสมาชิก,บอทตอบกลับ,1,เข้าใจข้อคำถาม,1
4/24/2025,สมัครสมาชิก,บอทตอบกลับ,1,เข้าใจข้อคำถาม,1
5/9/2025,สมัครสมาชิก,บอทตอบกลับ,1,เข้าใจข้อคำถาม,1
5/19/2025,สมัครสมาชิก,บอทตอบกลับ,1,เข้าใจข้อคำถาม,1
5/6/2025,สมัครสมาชิก,บอทตอบกลับ,1,เข้าใจข้อคำถาม,1
5/31/2025,สมัครสมาชิก,บอทตอบกลับ,1,เข้าใจข้อคำถาม,1
4/22/2025,สมัครสมาชิก,บอทตอบกลับ,1,เข้าใจข้อคำถาม,1
5/18/2025,สมัครสมาชิก,บอทตอบกลับ,1,เข้าใจข้อคำถาม,1
4/13/2025,เมนู,บอทตอบกลับ,1,เข้าใจข้อคำถาม,1
3/29/2025,เมนู,บอทตอบกลับ,1,เข้าใจข้อคำถาม,1
5/28/2025,เมนู,บอทตอบกลับ,1,เข้าใจข้อคำถาม,1
5/17/2025,เมนู,บอทตอบกลับ,1,เข้าใจข้อคำถาม,1
5/26/2025,เมนู,บอทตอบกลับ,1,เข้าใจข้อคำถาม,1
4/14/2025,เมนู,บอทตอบกลับ,1,เข้าใจข้อคำถาม,1
5/24/2025,เมนู,บอทตอบกลับ,1,เข้าใจข้อคำถาม,1
5/29/2025,เมนู,บอทตอบกลับ,1,เข้าใจข้อคำถาม,1
5/31/2025,เมนู,บอทตอบกลับ,1,เข้าใจข้อคำถาม,1
5/18/2025,เมนู,บอทตอบกลับ,1,เข้าใจข้อคำถาม,1
5/26/2025,เมนู,บอทตอบกลับ,1,เข้าใจข้อคำถาม,1
5/18/2025,เมนู,บอทตอบกลับ,1,เข้าใจข้อคำถาม,1
5/26/2025,เมนู,บอทตอบกลับ,1,เข้าใจข้อคำถาม,1
4/17/2025,เมนู,บอทตอบกลับ,1,เข้าใจข้อคำถาม,1
5/5/2025,เมนู,บอทตอบกลับ,1,เข้าใจข้อคำถาม,1
5/22/2025,เมนู,บอทตอบกลับ,1,เข้าใจข้อคำถาม,1
5/8/2025,เมนู,บอทตอบกลับ,1,เข้าใจข้อคำถาม,1
5/29/2025,เมนู,บอทตอบกลับ,1,เข้าใจข้อคำถาม,1
5/24/2025,เมนู,บอทตอบกลับ,1,เข้าใจข้อคำถาม,1
3/11/2025,เมนู,บอทตอบกลับ,1,เข้าใจข้อคำถาม,1
5/22/2025,เมนู,บอทตอบกลับ,1,เข้าใจข้อคำถาม,1
3/25/2025,เมนู,บอทตอบกลับ,1,เข้าใจข้อคำถาม,1
5/17/2025,เมนู,บอทตอบกลับ,1,เข้าใจข้อคำถาม,1
3/11/2025,เมนู,บอทตอบกลับ,1,เข้าใจข้อคำถาม,1
5/29/2025,เมนู,บอทตอบกลับ,1,เข้าใจข้อคำถาม,1
5/18/2025,เมนู,บอทตอบกลับ,1,เข้าใจข้อคำถาม,1
5/9/2025,เมนู,บอทตอบกลับ,1,เข้าใจข้อคำถาม,1
3/4/2025,เมนู,บอทตอบกลับ,1,เข้าใจข้อคำถาม,1
5/26/2025,เมนู,บอทตอบกลับ,1,เข้าใจข้อคำถาม,1
5/25/2025,เมนู,บอทตอบกลับ,1,เข้าใจข้อคำถาม,1
3/10/2025,เมนู,บอทตอบกลับ,1,เข้าใจข้อคำถาม,1
5/15/2025,เมนู,บอทตอบกลับ,1,เข้าใจข้อคำถาม,1
5/23/2025,เมนู,บอทตอบกลับ,1,เข้าใจข้อคำถาม,1
4/19/2025,เมนู,บอทตอบกลับ,1,เข้าใจข้อคำถาม,1
5/30/2025,เมนู,บอทตอบกลับ,1,เข้าใจข้อคำถาม,1
5/24/2025,เมนู,บอทตอบกลับ,1,เข้าใจข้อคำถาม,1
5/15/2025,เมนู,บอทตอบกลับ,1,เข้าใจข้อคำถาม,1
5/22/2025,เมนู,บอทตอบกลับ,1,เข้าใจข้อคำถาม,1
5/15/2025,เมนู,บอทตอบกลับ,1,เข้าใจข้อคำถาม,1
5/20/2025,เมนู,บอทตอบกลับ,1,เข้าใจข้อคำถาม,1
5/24/2025,เมนู,บอทตอบกลับ,1,เข้าใจข้อคำถาม,1
4/2/2025,เมนู,บอทตอบกลับ,1,เข้าใจข้อคำถาม,1
3/30/2025,เมนู,บอทตอบกลับ,1,เข้าใจข้อคำถาม,1
4/29/2025,เมนู,บอทตอบกลับ,1,เข้าใจข้อคำถาม,1
3/9/2025,เมนู,บอทตอบกลับ,1,เข้าใจข้อคำถาม,1
5/9/2025,เมนู,บอทตอบกลับ,1,เข้าใจข้อคำถาม,1
5/23/2025,เมนู,บอทตอบกลับ,1,เข้าใจข้อคำถาม,1
4/3/2025,เมนู,บอทตอบกลับ,1,เข้าใจข้อคำถาม,1
3/8/2025,เมนู,บอทตอบกลับ,1,เข้าใจข้อคำถาม,1
5/2/2025,เมนู,บอทตอบกลับ,1,เข้าใจข้อคำถาม,1
3/31/2025,เมนู,บอทตอบกลับ,1,เข้าใจข้อคำถาม,1
5/27/2025,เมนู,บอทตอบกลับ,1,เข้าใจข้อคำถาม,1
5/8/2025,เมนู,บอทตอบกลับ,1,เข้าใจข้อคำถาม,1
5/24/2025,เมนู,บอทตอบกลับ,1,เข้าใจข้อคำถาม,1
3/10/2025,เมนู,บอทตอบกลับ,1,เข้าใจข้อคำถาม,1
5/22/2025,เมนู,บอทตอบกลับ,1,เข้าใจข้อคำถาม,1
4/3/2025,เมนู,บอทตอบกลับ,1,เข้าใจข้อคำถาม,1
4/10/2025,เมนู,บอทตอบกลับ,1,เข้าใจข้อคำถาม,1
4/15/2025,เมนู,บอทตอบกลับ,1,เข้าใจข้อคำถาม,1
5/28/2025,เมนู,บอทตอบกลับ,1,เข้าใจข้อคำถาม,1
5/26/2025,เมนู,บอทตอบกลับ,1,เข้าใจข้อคำถาม,1
5/13/2025,เมนู,บอทตอบกลับ,1,เข้าใจข้อคำถาม,1
5/24/2025,เมนู,บอทตอบกลับ,1,เข้าใจข้อคำถาม,1
5/22/2025,เมนู,บอทตอบกลับ,1,เข้าใจข้อคำถาม,1
4/30/2025,เมนู,บอทตอบกลับ,1,เข้าใจข้อคำถาม,1
5/29/2025,เมนู,บอทตอบกลับ,1,เข้าใจข้อคำถาม,1
5/27/2025,เมนู,บอทตอบกลับ,1,เข้าใจข้อคำถาม,1
5/26/2025,เมนู,บอทตอบกลับ,1,เข้าใจข้อคำถาม,1
5/21/2025,เมนู,บอทตอบกลับ,1,เข้าใจข้อคำถาม,1
5/25/2025,เมนู,บอทตอบกลับ,1,เข้าใจข้อคำถาม,1
5/27/2025,เมนู,บอทตอบกลับ,1,เข้าใจข้อคำถาม,1
5/31/2025,เมนู,บอทตอบกลับ,1,เข้าใจข้อคำถาม,1
5/31/2025,เมนู,บอทตอบกลับ,1,เข้าใจข้อคำถาม,1
5/17/2025,เมนู,บอทตอบกลับ,1,เข้าใจข้อคำถาม,1
5/14/2025,เมนู,บอทตอบกลับ,1,เข้าใจข้อคำถาม,1
5/4/2025,เมนู,บอทตอบกลับ,1,เข้าใจข้อคำถาม,1
4/11/2025,เมนู,บอทตอบกลับ,1,เข้าใจข้อคำถาม,1
3/23/2025,เมนู,บอทตอบกลับ,1,เข้าใจข้อคำถาม,1
5/29/2025,เมนู,บอทตอบกลับ,1,เข้าใจข้อคำถาม,1
3/5/2025,เมนู,บอทตอบกลับ,1,เข้าใจข้อคำถาม,1
4/18/2025,เมนู,บอทตอบกลับ,1,เข้าใจข้อคำถาม,1
4/4/2025,เมนู,บอทตอบกลับ,1,เข้าใจข้อคำถาม,1
3/16/2025,เมนู,บอทตอบกลับ,1,เข้าใจข้อคำถาม,1
5/15/2025,เมนู,บอทตอบกลับ,1,เข้าใจข้อคำถาม,1
4/11/2025,เมนู,บอทตอบกลับ,1,เข้าใจข้อคำถาม,1
5/26/2025,เมนู,บอทตอบกลับ,1,เข้าใจข้อคำถาม,1
5/30/2025,เมนู,บอทตอบกลับ,1,เข้าใจข้อคำถาม,1
3/30/2025,เมนู,บอทตอบกลับ,1,เข้าใจข้อคำถาม,1
5/24/2025,เมนู,บอทตอบกลับ,1,เข้าใจข้อคำถาม,1
4/23/2025,เมนู,บอทตอบกลับ,1,เข้าใจข้อคำถาม,1
5/30/2025,เมนู,บอทตอบกลับ,1,เข้าใจข้อคำถาม,1
3/25/2025,เมนู,บอทตอบกลับ,1,เข้าใจข้อคำถาม,1
4/18/2025,เมนู,บอทตอบกลับ,1,เข้าใจข้อคำถาม,1
4/17/2025,เมนู,บอทตอบกลับ,1,เข้าใจข้อคำถาม,1
5/21/2025,เมนู,บอทตอบกลับ,1,เข้าใจข้อคำถาม,1
5/30/2025,เมนู,บอทตอบกลับ,1,เข้าใจข้อคำถาม,1
5/17/2025,เมนู,บอทตอบกลับ,1,เข้าใจข้อคำถาม,1
3/15/2025,เมนู,บอทตอบกลับ,1,เข้าใจข้อคำถาม,1
5/26/2025,เมนู,บอทตอบกลับ,1,เข้าใจข้อคำถาม,1
5/9/2025,เมนู,บอทตอบกลับ,1,เข้าใจข้อคำถาม,1
5/22/2025,เมนู,บอทตอบกลับ,1,เข้าใจข้อคำถาม,1
5/25/2025,เมนู,บอทตอบกลับ,1,เข้าใจข้อคำถาม,1
5/21/2025,เมนู,บอทตอบกลับ,1,เข้าใจข้อคำถาม,1
5/22/2025,เมนู,บอทตอบกลับ,1,เข้าใจข้อคำถาม,1
5/13/2025,เมนู,บอทตอบกลับ,1,เข้าใจข้อคำถาม,1
3/26/2025,เมนู,บอทตอบกลับ,1,เข้าใจข้อคำถาม,1
4/27/2025,เมนู,บอทตอบกลับ,1,เข้าใจข้อคำถาม,1
5/19/2025,เมนู,บอทตอบกลับ,1,เข้าใจข้อคำถาม,1
5/5/2025,เมนู,บอทตอบกลับ,1,เข้าใจข้อคำถาม,1
5/19/2025,เมนู,บอทตอบกลับ,1,เข้าใจข้อคำถาม,1
5/25/2025,เมนู,บอทตอบกลับ,1,เข้าใจข้อคำถาม,1
5/22/2025,เมนู,บอทตอบกลับ,1,เข้าใจข้อคำถาม,1
3/30/2025,เมนู,บอทตอบกลับ,1,เข้าใจข้อคำถาม,1
3/5/2025,เมนู,บอทตอบกลับ,1,เข้าใจข้อคำถาม,1
4/12/2025,เมนู,บอทตอบกลับ,1,เข้าใจข้อคำถาม,1
5/15/2025,เมนู,บอทตอบกลับ,1,เข้าใจข้อคำถาม,1
5/30/2025,เมนู,บอทตอบกลับ,1,เข้าใจข้อคำถาม,1
5/21/2025,เมนู,บอทตอบกลับ,1,เข้าใจข้อคำถาม,1
4/6/2025,เมนู,บอทตอบกลับ,1,เข้าใจข้อคำถาม,1
3/4/2025,เมนู,บอทตอบกลับ,1,เข้าใจข้อคำถาม,1
5/18/2025,เมนู,บอทตอบกลับ,1,เข้าใจข้อคำถาม,1
5/17/2025,เมนู,บอทตอบกลับ,1,เข้าใจข้อคำถาม,1
3/1/2025,เมนู,บอทตอบกลับ,1,เข้าใจข้อคำถาม,1
3/26/2025,เมนู,บอทตอบกลับ,1,เข้าใจข้อคำถาม,1
5/29/2025,เมนู,บอทตอบกลับ,1,เข้าใจข้อคำถาม,1
5/26/2025,เมนู,บอทตอบกลับ,1,เข้าใจข้อคำถาม,1
4/25/2025,เมนู,บอทตอบกลับ,1,เข้าใจข้อคำถาม,1
3/1/2025,เมนู,บอทตอบกลับ,1,เข้าใจข้อคำถาม,1
5/25/2025,เมนู,บอทตอบกลับ,1,เข้าใจข้อคำถาม,1
5/23/2025,เมนู,บอทตอบกลับ,1,เข้าใจข้อคำถาม,1
5/21/2025,เมนู,บอทตอบกลับ,1,เข้าใจข้อคำถาม,1
5/1/2025,เมนู,บอทตอบกลับ,1,เข้าใจข้อคำถาม,1
5/24/2025,เมนู,บอทตอบกลับ,1,เข้าใจข้อคำถาม,1
5/20/2025,เมนู,บอทตอบกลับ,1,เข้าใจข้อคำถาม,1
4/12/2025,เมนู,บอทตอบกลับ,1,เข้าใจข้อคำถาม,1
5/3/2025,เมนู,บอทตอบกลับ,1,เข้าใจข้อคำถาม,1
5/6/2025,เมนู,บอทตอบกลับ,1,เข้าใจข้อคำถาม,1
3/8/2025,เมนู,บอทตอบกลับ,1,เข้าใจข้อคำถาม,1
4/23/2025,เมนู,บอทตอบกลับ,1,เข้าใจข้อคำถาม,1
5/25/2025,เมนู,บอทตอบกลับ,1,เข้าใจข้อคำถาม,1
3/7/2025,เมนู,บอทตอบกลับ,1,เข้าใจข้อคำถาม,1
5/24/2025,เมนู,บอทตอบกลับ,1,เข้าใจข้อคำถาม,1
4/17/2025,เมนู,บอทตอบกลับ,1,เข้าใจข้อคำถาม,1
3/31/2025,เมนู,บอทตอบกลับ,1,เข้าใจข้อคำถาม,1
3/29/2025,เมนู,บอทตอบกลับ,1,เข้าใจข้อคำถาม,1
5/16/2025,เมนู,บอทตอบกลับ,1,เข้าใจข้อคำถาม,1
5/25/2025,เมนู,บอทตอบกลับ,1,เข้าใจข้อคำถาม,1
5/29/2025,เมนู,บอทตอบกลับ,1,เข้าใจข้อคำถาม,1
4/4/2025,เมนู,บอทตอบกลับ,1,เข้าใจข้อคำถาม,1
5/18/2025,เมนู,บอทตอบกลับ,1,เข้าใจข้อคำถาม,1
5/25/2025,เมนู,บอทตอบกลับ,1,เข้าใจข้อคำถาม,1
4/5/2025,เมนู,บอทตอบกลับ,1,เข้าใจข้อคำถาม,1
5/22/2025,เมนู,บอทตอบกลับ,1,เข้าใจข้อคำถาม,1
5/25/2025,เมนู,บอทตอบกลับ,1,เข้าใจข้อคำถาม,1
3/24/2025,เมนู,บอทตอบกลับ,1,เข้าใจข้อคำถาม,1
4/9/2025,เมนู,บอทตอบกลับ,1,เข้าใจข้อคำถาม,1
4/15/2025,เมนู,บอทตอบกลับ,1,เข้าใจข้อคำถาม,1
5/23/2025,เมนู,บอทตอบกลับ,1,เข้าใจข้อคำถาม,1
3/13/2025,เมนู,บอทตอบกลับ,1,เข้าใจข้อคำถาม,1
5/10/2025,เมนู,บอทตอบกลับ,1,เข้าใจข้อคำถาม,1
4/23/2025,เมนู,บอทตอบกลับ,1,เข้าใจข้อคำถาม,1
5/23/2025,เมนู,บอทตอบกลับ,1,เข้าใจข้อคำถาม,1
3/21/2025,เมนู,บอทตอบกลับ,1,เข้าใจข้อคำถาม,1
3/1/2025,เมนู,บอทตอบกลับ,1,เข้าใจข้อคำถาม,1
3/2/2025,เมนู,บอทตอบกลับ,1,เข้าใจข้อคำถาม,1
4/14/2025,เมนู,บอทตอบกลับ,1,เข้าใจข้อคำถาม,1
5/26/2025,เมนู,บอทตอบกลับ,1,เข้าใจข้อคำถาม,1
5/24/2025,เมนู,บอทตอบกลับ,1,เข้าใจข้อคำถาม,1
5/22/2025,เมนู,บอทตอบกลับ,1,เข้าใจข้อคำถาม,1
4/24/2025,เมนู,บอทตอบกลับ,1,เข้าใจข้อคำถาม,1
3/15/2025,เมนู,บอทตอบกลับ,1,เข้าใจข้อคำถาม,1
3/7/2025,เมนู,บอทตอบกลับ,1,เข้าใจข้อคำถาม,1
5/28/2025,เมนู,บอทตอบกลับ,1,เข้าใจข้อคำถาม,1
5/26/2025,เมนู,บอทตอบกลับ,1,เข้าใจข้อคำถาม,1
3/31/2025,เมนู,บอทตอบกลับ,1,เข้าใจข้อคำถาม,1
4/11/2025,เมนู,บอทตอบกลับ,1,เข้าใจข้อคำถาม,1
5/24/2025,เมนู,บอทตอบกลับ,1,เข้าใจข้อคำถาม,1
5/21/2025,เมนู,บอทตอบกลับ,1,เข้าใจข้อคำถาม,1
5/24/2025,เมนู,บอทตอบกลับ,1,เข้าใจข้อคำถาม,1
5/24/2025,เมนู,บอทตอบกลับ,1,เข้าใจข้อคำถาม,1
5/18/2025,เมนู,บอทตอบกลับ,1,เข้าใจข้อคำถาม,1
3/22/2025,เมนู,บอทตอบกลับ,1,เข้าใจข้อคำถาม,1
4/19/2025,เมนู,บอทตอบกลับ,1,เข้าใจข้อคำถาม,1
5/22/2025,เมนู,บอทตอบกลับ,1,เข้าใจข้อคำถาม,1
3/23/2025,เมนู,บอทตอบกลับ,1,เข้าใจข้อคำถาม,1
3/3/2025,เมนู,บอทตอบกลับ,1,เข้าใจข้อคำถาม,1
5/19/2025,เมนู,บอทตอบกลับ,1,เข้าใจข้อคำถาม,1
4/5/2025,เมนู,บอทตอบกลับ,1,เข้าใจข้อคำถาม,1
4/19/2025,เมนู,บอทตอบกลับ,1,เข้าใจข้อคำถาม,1
4/28/2025,เมนู,บอทตอบกลับ,1,เข้าใจข้อคำถาม,1
5/22/2025,เมนู,บอทตอบกลับ,1,เข้าใจข้อคำถาม,1
5/23/2025,เมนู,บอทตอบกลับ,1,เข้าใจข้อคำถาม,1
3/24/2025,เมนู,บอทตอบกลับ,1,เข้าใจข้อคำถาม,1
4/13/2025,เมนู,บอทตอบกลับ,1,เข้าใจข้อคำถาม,1
5/28/2025,เมนู,บอทตอบกลับ,1,เข้าใจข้อคำถาม,1
4/11/2025,เมนู,บอทตอบกลับ,1,เข้าใจข้อคำถาม,1
3/8/2025,เมนู,บอทตอบกลับ,1,เข้าใจข้อคำถาม,1
3/2/2025,เมนู,บอทตอบกลับ,1,เข้าใจข้อคำถาม,1
5/20/2025,เมนู,บอทตอบกลับ,1,เข้าใจข้อคำถาม,1
3/24/2025,เมนู,บอทตอบกลับ,1,เข้าใจข้อคำถาม,1
3/2/2025,เมนู,บอทตอบกลับ,1,เข้าใจข้อคำถาม,1
4/27/2025,เมนู,บอทตอบกลับ,1,เข้าใจข้อคำถาม,1
4/26/2025,เมนู,บอทตอบกลับ,1,เข้าใจข้อคำถาม,1
5/25/2025,เมนู,บอทตอบกลับ,1,เข้าใจข้อคำถาม,1
5/26/2025,เมนู,บอทตอบกลับ,1,เข้าใจข้อคำถาม,1
5/26/2025,เมนู,บอทตอบกลับ,1,เข้าใจข้อคำถาม,1
4/17/2025,เมนู,บอทตอบกลับ,1,เข้าใจข้อคำถาม,1
4/25/2025,เมนู,บอทตอบกลับ,1,เข้าใจข้อคำถาม,1
5/25/2025,เมนู,บอทตอบกลับ,1,เข้าใจข้อคำถาม,1
5/31/2025,เมนู,บอทตอบกลับ,1,เข้าใจข้อคำถาม,1
3/29/2025,เมนู,บอทตอบกลับ,1,เข้าใจข้อคำถาม,1
5/22/2025,เมนู,บอทตอบกลับ,1,เข้าใจข้อคำถาม,1
5/7/2025,เมนู,บอทตอบกลับ,1,เข้าใจข้อคำถาม,1
5/20/2025,เมนู,บอทตอบกลับ,1,เข้าใจข้อคำถาม,1
5/17/2025,เมนู,บอทตอบกลับ,1,เข้าใจข้อคำถาม,1
5/24/2025,เมนู,บอทตอบกลับ,1,เข้าใจข้อคำถาม,1
4/4/2025,เมนู,บอทตอบกลับ,1,เข้าใจข้อคำถาม,1
4/12/2025,เมนู,บอทตอบกลับ,1,เข้าใจข้อคำถาม,1
3/4/2025,เมนู,บอทตอบกลับ,1,เข้าใจข้อคำถาม,1
3/27/2025,เมนู,บอทตอบกลับ,1,เข้าใจข้อคำถาม,1
5/26/2025,เมนู,บอทตอบกลับ,1,เข้าใจข้อคำถาม,1
5/3/2025,เมนู,บอทตอบกลับ,1,เข้าใจข้อคำถาม,1
4/25/2025,เมนู,บอทตอบกลับ,1,เข้าใจข้อคำถาม,1
5/17/2025,เมนู,บอทตอบกลับ,1,เข้าใจข้อคำถาม,1
3/30/2025,เมนู,บอทตอบกลับ,1,เข้าใจข้อคำถาม,1
5/30/2025,เมนู,บอทตอบกลับ,1,เข้าใจข้อคำถาม,1
5/19/2025,เมนู,บอทตอบกลับ,1,เข้าใจข้อคำถาม,1
5/28/2025,เมนู,บอทตอบกลับ,1,เข้าใจข้อคำถาม,1
5/20/2025,เมนู,บอทตอบกลับ,1,เข้าใจข้อคำถาม,1
3/7/2025,เมนู,บอทตอบกลับ,1,เข้าใจข้อคำถาม,1
5/24/2025,เมนู,บอทตอบกลับ,1,เข้าใจข้อคำถาม,1
5/19/2025,เมนู,บอทตอบกลับ,1,เข้าใจข้อคำถาม,1
5/17/2025,เมนู,บอทตอบกลับ,1,เข้าใจข้อคำถาม,1
5/1/2025,เมนู,บอทตอบกลับ,1,เข้าใจข้อคำถาม,1
4/19/2025,เมนู,บอทตอบกลับ,1,เข้าใจข้อคำถาม,1
5/17/2025,เมนู,บอทตอบกลับ,1,เข้าใจข้อคำถาม,1
5/23/2025,เมนู,บอทตอบกลับ,1,เข้าใจข้อคำถาม,1
5/24/2025,เมนู,บอทตอบกลับ,1,เข้าใจข้อคำถาม,1
4/3/2025,เมนู,บอทตอบกลับ,1,เข้าใจข้อคำถาม,1
3/5/2025,เมนู,บอทตอบกลับ,1,เข้าใจข้อคำถาม,1
3/5/2025,เมนู,บอทตอบกลับ,1,เข้าใจข้อคำถาม,1
5/26/2025,เมนู,บอทตอบกลับ,1,เข้าใจข้อคำถาม,1
5/20/2025,เมนู,บอทตอบกลับ,1,เข้าใจข้อคำถาม,1
5/14/2025,เมนู,บอทตอบกลับ,1,เข้าใจข้อคำถาม,1
5/31/2025,เมนู,บอทตอบกลับ,1,เข้าใจข้อคำถาม,1
5/29/2025,เมนู,บอทตอบกลับ,1,เข้าใจข้อคำถาม,1
3/23/2025,เมนู,บอทตอบกลับ,1,เข้าใจข้อคำถาม,1
4/25/2025,เมนู,บอทตอบกลับ,1,เข้าใจข้อคำถาม,1
4/8/2025,เมนู,บอทตอบกลับ,1,เข้าใจข้อคำถาม,1
4/25/2025,เมนู,บอทตอบกลับ,1,เข้าใจข้อคำถาม,1
5/14/2025,เมนู,บอทตอบกลับ,1,เข้าใจข้อคำถาม,1
5/5/2025,เมนู,บอทตอบกลับ,1,เข้าใจข้อคำถาม,1
3/30/2025,เมนู,บอทตอบกลับ,1,เข้าใจข้อคำถาม,1
5/15/2025,เมนู,บอทตอบกลับ,1,เข้าใจข้อคำถาม,1
5/19/2025,เมนู,บอทตอบกลับ,1,เข้าใจข้อคำถาม,1
5/26/2025,เมนู,บอทตอบกลับ,1,เข้าใจข้อคำถาม,1
5/24/2025,เมนู,บอทตอบกลับ,1,เข้าใจข้อคำถาม,1
3/25/2025,เมนู,บอทตอบกลับ,1,เข้าใจข้อคำถาม,1
4/7/2025,เมนู,บอทตอบกลับ,1,เข้าใจข้อคำถาม,1
5/30/2025,เมนู,บอทตอบกลับ,1,เข้าใจข้อคำถาม,1
5/25/2025,เมนู,บอทตอบกลับ,1,เข้าใจข้อคำถาม,1
4/12/2025,เมนู,บอทตอบกลับ,1,เข้าใจข้อคำถาม,1
5/20/2025,เมนู,บอทตอบกลับ,1,เข้าใจข้อคำถาม,1
5/26/2025,เมนู,บอทตอบกลับ,1,เข้าใจข้อคำถาม,1
3/8/2025,เมนู,บอทตอบกลับ,1,เข้าใจข้อคำถาม,1
4/14/2025,เมนู,บอทตอบกลับ,1,เข้าใจข้อคำถาม,1
5/15/2025,เมนู,บอทตอบกลับ,1,เข้าใจข้อคำถาม,1
4/18/2025,เมนู,บอทตอบกลับ,1,เข้าใจข้อคำถาม,1
3/15/2025,เมนู,บอทตอบกลับ,1,เข้าใจข้อคำถาม,1
3/10/2025,เมนู,บอทตอบกลับ,1,เข้าใจข้อคำถาม,1
5/27/2025,เมนู,บอทตอบกลับ,1,เข้าใจข้อคำถาม,1
3/31/2025,เมนู,บอทตอบกลับ,1,เข้าใจข้อคำถาม,1
4/29/2025,เมนู,บอทตอบกลับ,1,เข้าใจข้อคำถาม,1
5/19/2025,เมนู,บอทตอบกลับ,1,เข้าใจข้อคำถาม,1
5/18/2025,เมนู,บอทตอบกลับ,1,เข้าใจข้อคำถาม,1
5/19/2025,เมนู,บอทตอบกลับ,1,เข้าใจข้อคำถาม,1
5/28/2025,เมนู,บอทตอบกลับ,1,เข้าใจข้อคำถาม,1
5/6/2025,เว็บไซด์ทะเบียน,บอทตอบกลับ,1,เข้าใจข้อคำถาม,1
4/17/2025,เว็บไซด์ทะเบียน,บอทตอบกลับ,1,เข้าใจข้อคำถาม,1
3/12/2025,เว็บไซด์ทะเบียน,บอทตอบกลับ,1,เข้าใจข้อคำถาม,1
5/20/2025,เว็บไซด์ทะเบียน,บอทตอบกลับ,1,เข้าใจข้อคำถาม,1
5/21/2025,เว็บไซด์ทะเบียน,บอทตอบกลับ,1,เข้าใจข้อคำถาม,1
5/19/2025,เว็บไซด์ทะเบียน,บอทตอบกลับ,1,เข้าใจข้อคำถาม,1
3/3/2025,เว็บไซด์ทะเบียน,บอทตอบกลับ,1,เข้าใจข้อคำถาม,1
5/13/2025,เว็บไซด์ทะเบียน,บอทตอบกลับ,1,เข้าใจข้อคำถาม,1
5/29/2025,เว็บไซด์ทะเบียน,บอทตอบกลับ,1,เข้าใจข้อคำถาม,1
5/18/2025,เว็บไซด์ทะเบียน,บอทตอบกลับ,1,เข้าใจข้อคำถาม,1
5/24/2025,เว็บไซด์ทะเบียน,บอทตอบกลับ,1,เข้าใจข้อคำถาม,1
5/16/2025,เว็บไซด์ทะเบียน,บอทตอบกลับ,1,เข้าใจข้อคำถาม,1
5/22/2025,เว็บไซด์ทะเบียน,บอทตอบกลับ,1,เข้าใจข้อคำถาม,1
5/30/2025,เว็บไซด์ทะเบียน,บอทตอบกลับ,1,เข้าใจข้อคำถาม,1
5/16/2025,เว็บไซด์ทะเบียน,บอทตอบกลับ,1,เข้าใจข้อคำถาม,1
5/21/2025,เว็บไซด์ทะเบียน,บอทตอบกลับ,1,เข้าใจข้อคำถาม,1
5/24/2025,เว็บไซด์ทะเบียน,บอทตอบกลับ,1,เข้าใจข้อคำถาม,1
5/5/2025,เว็บไซด์ทะเบียน,บอทตอบกลับ,1,เข้าใจข้อคำถาม,1
5/16/2025,เว็บไซด์ทะเบียน,บอทตอบกลับ,1,เข้าใจข้อคำถาม,1
3/4/2025,เว็บไซด์ทะเบียน,บอทตอบกลับ,1,เข้าใจข้อคำถาม,1
4/23/2025,เว็บไซด์ทะเบียน,บอทตอบกลับ,1,เข้าใจข้อคำถาม,1
3/5/2025,เว็บไซด์ทะเบียน,บอทตอบกลับ,1,เข้าใจข้อคำถาม,1
5/28/2025,เว็บไซด์ทะเบียน,บอทตอบกลับ,1,เข้าใจข้อคำถาม,1
4/16/2025,เว็บไซด์ทะเบียน,บอทตอบกลับ,1,เข้าใจข้อคำถาม,1
5/16/2025,เว็บไซด์ทะเบียน,บอทตอบกลับ,1,เข้าใจข้อคำถาม,1
5/16/2025,เว็บไซด์ทะเบียน,บอทตอบกลับ,1,เข้าใจข้อคำถาม,1
4/12/2025,เว็บไซด์ทะเบียน,บอทตอบกลับ,1,เข้าใจข้อคำถาม,1
5/22/2025,เว็บไซด์ทะเบียน,บอทตอบกลับ,1,เข้าใจข้อคำถาม,1
5/18/2025,เว็บไซด์ทะเบียน,บอทตอบกลับ,1,เข้าใจข้อคำถาม,1
3/23/2025,เว็บไซด์ทะเบียน,บอทตอบกลับ,1,เข้าใจข้อคำถาม,1
5/18/2025,เว็บไซด์ทะเบียน,บอทตอบกลับ,1,เข้าใจข้อคำถาม,1
4/24/2025,เว็บไซด์ทะเบียน,บอทตอบกลับ,1,เข้าใจข้อคำถาม,1
3/26/2025,เว็บไซด์ทะเบียน,บอทตอบกลับ,1,เข้าใจข้อคำถาม,1
5/24/2025,เว็บไซด์ทะเบียน,บอทตอบกลับ,1,เข้าใจข้อคำถาม,1
3/3/2025,เว็บไซด์ทะเบียน,บอทตอบกลับ,1,เข้าใจข้อคำถาม,1
5/31/2025,เว็บไซด์ทะเบียน,บอทตอบกลับ,1,เข้าใจข้อคำถาม,1
4/5/2025,เว็บไซด์ทะเบียน,บอทตอบกลับ,1,เข้าใจข้อคำถาม,1
3/19/2025,เว็บไซด์ทะเบียน,บอทตอบกลับ,1,เข้าใจข้อคำถาม,1
5/27/2025,เว็บไซด์ทะเบียน,บอทตอบกลับ,1,เข้าใจข้อคำถาม,1
3/29/2025,เว็บไซด์ทะเบียน,บอทตอบกลับ,1,เข้าใจข้อคำถาม,1
5/9/2025,เว็บไซด์ทะเบียน,บอทตอบกลับ,1,เข้าใจข้อคำถาม,1
5/29/2025,เว็บไซด์ทะเบียน,บอทตอบกลับ,1,เข้าใจข้อคำถาม,1
3/22/2025,เว็บไซด์ทะเบียน,บอทตอบกลับ,1,เข้าใจข้อคำถาม,1
3/5/2025,เว็บไซด์ทะเบียน,บอทตอบกลับ,1,เข้าใจข้อคำถาม,1
3/8/2025,เว็บไซด์ทะเบียน,บอทตอบกลับ,1,เข้าใจข้อคำถาม,1
5/9/2025,เว็บไซด์ทะเบียน,บอทตอบกลับ,1,เข้าใจข้อคำถาม,1
3/11/2025,เว็บไซด์ทะเบียน,บอทตอบกลับ,1,เข้าใจข้อคำถาม,1
4/1/2025,เว็บไซด์ทะเบียน,บอทตอบกลับ,1,เข้าใจข้อคำถาม,1
4/22/2025,เว็บไซด์ทะเบียน,บอทตอบกลับ,1,เข้าใจข้อคำถาม,1
5/25/2025,เว็บไซด์ทะเบียน,บอทตอบกลับ,1,เข้าใจข้อคำถาม,1
5/17/2025,เว็บไซด์ทะเบียน,บอทตอบกลับ,1,เข้าใจข้อคำถาม,1
5/4/2025,เว็บไซด์ทะเบียน,บอทตอบกลับ,1,เข้าใจข้อคำถาม,1
4/27/2025,เว็บไซด์ทะเบียน,บอทตอบกลับ,1,เข้าใจข้อคำถาม,1
5/21/2025,เว็บไซด์ทะเบียน,บอทตอบกลับ,1,เข้าใจข้อคำถาม,1
4/18/2025,เว็บไซด์ทะเบียน,บอทตอบกลับ,1,เข้าใจข้อคำถาม,1
4/17/2025,เว็บไซด์ทะเบียน,บอทตอบกลับ,1,เข้าใจข้อคำถาม,1
3/30/2025,เว็บไซด์ทะเบียน,บอทตอบกลับ,1,เข้าใจข้อคำถาม,1
5/14/2025,เว็บไซด์ทะเบียน,บอทตอบกลับ,1,เข้าใจข้อคำถาม,1
3/18/2025,เว็บไซด์ทะเบียน,บอทตอบกลับ,1,เข้าใจข้อคำถาม,1
3/5/2025,เว็บไซด์ทะเบียน,บอทตอบกลับ,1,เข้าใจข้อคำถาม,1
5/18/2025,เว็บไซด์ทะเบียน,บอทตอบกลับ,1,เข้าใจข้อคำถาม,1
3/24/2025,เว็บไซด์ทะเบียน,บอทตอบกลับ,1,เข้าใจข้อคำถาม,1
5/19/2025,เว็บไซด์ทะเบียน,บอทตอบกลับ,1,เข้าใจข้อคำถาม,1
5/30/2025,เว็บไซด์ทะเบียน,บอทตอบกลับ,1,เข้าใจข้อคำถาม,1
3/20/2025,เว็บไซด์ทะเบียน,บอทตอบกลับ,1,เข้าใจข้อคำถาม,1
4/28/2025,เว็บไซด์ทะเบียน,บอทตอบกลับ,1,เข้าใจข้อคำถาม,1
5/16/2025,เว็บไซด์ทะเบียน,บอทตอบกลับ,1,เข้าใจข้อคำถาม,1
5/19/2025,เว็บไซด์ทะเบียน,บอทตอบกลับ,1,เข้าใจข้อคำถาม,1
5/28/2025,เว็บไซด์ทะเบียน,บอทตอบกลับ,1,เข้าใจข้อคำถาม,1
5/24/2025,เว็บไซด์ทะเบียน,บอทตอบกลับ,1,เข้าใจข้อคำถาม,1
3/1/2025,เว็บไซด์ทะเบียน,บอทตอบกลับ,1,เข้าใจข้อคำถาม,1
3/18/2025,เว็บไซด์ทะเบียน,บอทตอบกลับ,1,เข้าใจข้อคำถาม,1
5/24/2025,เว็บไซด์ทะเบียน,บอทตอบกลับ,1,เข้าใจข้อคำถาม,1
4/18/2025,เว็บไซด์ทะเบียน,บอทตอบกลับ,1,เข้าใจข้อคำถาม,1
5/17/2025,เว็บไซด์ทะเบียน,บอทตอบกลับ,1,เข้าใจข้อคำถาม,1
5/20/2025,เว็บไซด์ทะเบียน,บอทตอบกลับ,1,เข้าใจข้อคำถาม,1
3/9/2025,เว็บไซด์ทะเบียน,บอทตอบกลับ,1,เข้าใจข้อคำถาม,1
3/23/2025,เว็บไซด์ทะเบียน,บอทตอบกลับ,1,เข้าใจข้อคำถาม,1
3/31/2025,เว็บไซด์ทะเบียน,บอทตอบกลับ,1,เข้าใจข้อคำถาม,1
5/27/2025,เว็บไซด์ทะเบียน,บอทตอบกลับ,1,เข้าใจข้อคำถาม,1
5/28/2025,เว็บไซด์ทะเบียน,บอทตอบกลับ,1,เข้าใจข้อคำถาม,1
5/29/2025,เว็บไซด์ทะเบียน,บอทตอบกลับ,1,เข้าใจข้อคำถาม,1
5/22/2025,เว็บไซด์ทะเบียน,บอทตอบกลับ,1,เข้าใจข้อคำถาม,1
4/2/2025,เว็บไซด์ทะเบียน,บอทตอบกลับ,1,เข้าใจข้อคำถาม,1
5/22/2025,เว็บไซด์ทะเบียน,บอทตอบกลับ,1,เข้าใจข้อคำถาม,1
3/14/2025,เว็บไซด์ทะเบียน,บอทตอบกลับ,1,เข้าใจข้อคำถาม,1
5/25/2025,เว็บไซด์ทะเบียน,บอทตอบกลับ,1,เข้าใจข้อคำถาม,1
5/21/2025,เว็บไซด์ทะเบียน,บอทตอบกลับ,1,เข้าใจข้อคำถาม,1
5/20/2025,เว็บไซด์ทะเบียน,บอทตอบกลับ,1,เข้าใจข้อคำถาม,1
4/5/2025,เว็บไซด์ทะเบียน,บอทตอบกลับ,1,เข้าใจข้อคำถาม,1
4/29/2025,เว็บไซด์ทะเบียน,บอทตอบกลับ,1,เข้าใจข้อคำถาม,1
5/24/2025,เว็บไซด์ทะเบียน,บอทตอบกลับ,1,เข้าใจข้อคำถาม,1
5/28/2025,เว็บไซด์ทะเบียน,บอทตอบกลับ,1,เข้าใจข้อคำถาม,1
5/3/2025,เว็บไซด์ทะเบียน,บอทตอบกลับ,1,เข้าใจข้อคำถาม,1
4/24/2025,เว็บไซด์ทะเบียน,บอทตอบกลับ,1,เข้าใจข้อคำถาม,1
5/11/2025,เว็บไซด์ทะเบียน,บอทตอบกลับ,1,เข้าใจข้อคำถาม,1
4/29/2025,เว็บไซด์ทะเบียน,บอทตอบกลับ,1,เข้าใจข้อคำถาม,1
5/25/2025,เว็บไซด์ทะเบียน,บอทตอบกลับ,1,เข้าใจข้อคำถาม,1
3/2/2025,เว็บไซด์ทะเบียน,บอทตอบกลับ,1,เข้าใจข้อคำถาม,1
5/26/2025,เว็บไซด์ทะเบียน,บอทตอบกลับ,1,เข้าใจข้อคำถาม,1
5/29/2025,เว็บไซด์ทะเบียน,บอทตอบกลับ,1,เข้าใจข้อคำถาม,1
3/20/2025,เว็บไซด์ทะเบียน,บอทตอบกลับ,1,เข้าใจข้อคำถาม,1
5/21/2025,เว็บไซด์ทะเบียน,บอทตอบกลับ,1,เข้าใจข้อคำถาม,1
4/17/2025,เว็บไซด์ทะเบียน,บอทตอบกลับ,1,เข้าใจข้อคำถาม,1
5/28/2025,เว็บไซด์ทะเบียน,บอทตอบกลับ,1,เข้าใจข้อคำถาม,1
5/17/2025,เว็บไซด์ทะเบียน,บอทตอบกลับ,1,เข้าใจข้อคำถาม,1
3/1/2025,เว็บไซด์ทะเบียน,บอทตอบกลับ,1,เข้าใจข้อคำถาม,1
4/28/2025,เว็บไซด์ทะเบียน,บอทตอบกลับ,1,เข้าใจข้อคำถาม,1
5/17/2025,เว็บไซด์ทะเบียน,บอทตอบกลับ,1,เข้าใจข้อคำถาม,1
5/22/2025,เว็บไซด์ทะเบียน,บอทตอบกลับ,1,เข้าใจข้อคำถาม,1
5/27/2025,เว็บไซด์ทะเบียน,บอทตอบกลับ,1,เข้าใจข้อคำถาม,1
3/4/2025,เว็บไซด์ทะเบียน,บอทตอบกลับ,1,เข้าใจข้อคำถาม,1
4/21/2025,เว็บไซด์ทะเบียน,บอทตอบกลับ,1,เข้าใจข้อคำถาม,1
5/29/2025,เว็บไซด์ทะเบียน,บอทตอบกลับ,1,เข้าใจข้อคำถาม,1
4/7/2025,เว็บไซด์ทะเบียน,บอทตอบกลับ,1,เข้าใจข้อคำถาม,1
3/19/2025,เว็บไซด์ทะเบียน,บอทตอบกลับ,1,เข้าใจข้อคำถาม,1
5/24/2025,เว็บไซด์ทะเบียน,บอทตอบกลับ,1,เข้าใจข้อคำถาม,1
3/8/2025,เว็บไซด์ทะเบียน,บอทตอบกลับ,1,เข้าใจข้อคำถาม,1
5/5/2025,เว็บไซด์ทะเบียน,บอทตอบกลับ,1,เข้าใจข้อคำถาม,1
3/15/2025,เว็บไซด์ทะเบียน,บอทตอบกลับ,1,เข้าใจข้อคำถาม,1
5/13/2025,เว็บไซด์ทะเบียน,บอทตอบกลับ,1,เข้าใจข้อคำถาม,1
5/20/2025,เว็บไซด์ทะเบียน,บอทตอบกลับ,1,เข้าใจข้อคำถาม,1
4/7/2025,เว็บไซด์ทะเบียน,บอทตอบกลับ,1,เข้าใจข้อคำถาม,1
5/23/2025,เว็บไซด์ทะเบียน,บอทตอบกลับ,1,เข้าใจข้อคำถาม,1
3/15/2025,เว็บไซด์ทะเบียน,บอทตอบกลับ,1,เข้าใจข้อคำถาม,1
5/22/2025,เว็บไซด์ทะเบียน,บอทตอบกลับ,1,เข้าใจข้อคำถาม,1
5/23/2025,เว็บไซด์ทะเบียน,บอทตอบกลับ,1,เข้าใจข้อคำถาม,1
4/14/2025,เว็บไซด์ทะเบียน,บอทตอบกลับ,1,เข้าใจข้อคำถาม,1
4/14/2025,เว็บไซด์ทะเบียน,บอทตอบกลับ,1,เข้าใจข้อคำถาม,1
5/19/2025,เว็บไซด์ทะเบียน,บอทตอบกลับ,1,เข้าใจข้อคำถาม,1
3/5/2025,เว็บไซด์ทะเบียน,บอทตอบกลับ,1,เข้าใจข้อคำถาม,1
3/16/2025,เว็บไซด์ทะเบียน,บอทตอบกลับ,1,เข้าใจข้อคำถาม,1
5/17/2025,เว็บไซด์ทะเบียน,บอทตอบกลับ,1,เข้าใจข้อคำถาม,1
5/11/2025,เว็บไซด์ทะเบียน,บอทตอบกลับ,1,เข้าใจข้อคำถาม,1
3/23/2025,เว็บไซด์ทะเบียน,บอทตอบกลับ,1,เข้าใจข้อคำถาม,1
4/17/2025,เว็บไซด์ทะเบียน,บอทตอบกลับ,1,เข้าใจข้อคำถาม,1
5/22/2025,เว็บไซด์ทะเบียน,บอทตอบกลับ,1,เข้าใจข้อคำถาม,1
3/29/2025,เว็บไซด์ทะเบียน,บอทตอบกลับ,1,เข้าใจข้อคำถาม,1
4/15/2025,เว็บไซด์ทะเบียน,บอทตอบกลับ,1,เข้าใจข้อคำถาม,1
5/23/2025,เว็บไซด์ทะเบียน,บอทตอบกลับ,1,เข้าใจข้อคำถาม,1
3/3/2025,เว็บไซด์ทะเบียน,บอทตอบกลับ,1,เข้าใจข้อคำถาม,1
5/28/2025,เว็บไซด์ทะเบียน,บอทตอบกลับ,1,เข้าใจข้อคำถาม,1
5/14/2025,เว็บไซด์ทะเบียน,บอทตอบกลับ,1,เข้าใจข้อคำถาม,1
5/26/2025,เว็บไซด์ทะเบียน,บอทตอบกลับ,1,เข้าใจข้อคำถาม,1
5/16/2025,เว็บไซด์ทะเบียน,บอทตอบกลับ,1,เข้าใจข้อคำถาม,1
5/23/2025,เว็บไซด์ทะเบียน,บอทตอบกลับ,1,เข้าใจข้อคำถาม,1
5/17/2025,เว็บไซด์ทะเบียน,บอทตอบกลับ,1,เข้าใจข้อคำถาม,1
3/1/2025,เว็บไซด์ทะเบียน,บอทตอบกลับ,1,เข้าใจข้อคำถาม,1
5/23/2025,เว็บไซด์ทะเบียน,บอทตอบกลับ,1,เข้าใจข้อคำถาม,1
4/27/2025,เว็บไซด์ทะเบียน,บอทตอบกลับ,1,เข้าใจข้อคำถาม,1
5/24/2025,เว็บไซด์ทะเบียน,บอทตอบกลับ,1,เข้าใจข้อคำถาม,1
4/14/2025,เว็บไซด์ทะเบียน,บอทตอบกลับ,1,เข้าใจข้อคำถาม,1
5/26/2025,เว็บไซด์ทะเบียน,บอทตอบกลับ,1,เข้าใจข้อคำถาม,1
5/24/2025,เว็บไซด์ทะเบียน,บอทตอบกลับ,1,เข้าใจข้อคำถาม,1
4/26/2025,เว็บไซด์ทะเบียน,บอทตอบกลับ,1,เข้าใจข้อคำถาม,1
5/25/2025,เว็บไซด์ทะเบียน,บอทตอบกลับ,1,เข้าใจข้อคำถาม,1
5/12/2025,เว็บไซด์ทะเบียน,บอทตอบกลับ,1,เข้าใจข้อคำถาม,1
5/24/2025,เว็บไซด์ทะเบียน,บอทตอบกลับ,1,เข้าใจข้อคำถาม,1
3/15/2025,เว็บไซด์ทะเบียน,บอทตอบกลับ,1,เข้าใจข้อคำถาม,1
3/22/2025,เว็บไซด์ทะเบียน,บอทตอบกลับ,1,เข้าใจข้อคำถาม,1
4/9/2025,เว็บไซด์ทะเบียน,บอทตอบกลับ,1,เข้าใจข้อคำถาม,1
5/29/2025,เว็บไซด์ทะเบียน,บอทตอบกลับ,1,เข้าใจข้อคำถาม,1
4/14/2025,เว็บไซด์ทะเบียน,บอทตอบกลับ,1,เข้าใจข้อคำถาม,1
5/22/2025,เว็บไซด์ทะเบียน,บอทตอบกลับ,1,เข้าใจข้อคำถาม,1
5/18/2025,ปฎิทินการศึกษา,บอทตอบกลับ,1,เข้าใจข้อคำถาม,1
5/30/2025,ปฎิทินการศึกษา,บอทตอบกลับ,1,เข้าใจข้อคำถาม,1
5/26/2025,ปฎิทินการศึกษา,บอทตอบกลับ,1,เข้าใจข้อคำถาม,1
5/7/2025,ปฎิทินการศึกษา,บอทตอบกลับ,1,เข้าใจข้อคำถาม,1
5/4/2025,ปฎิทินการศึกษา,บอทตอบกลับ,1,เข้าใจข้อคำถาม,1
3/7/2025,ปฎิทินการศึกษา,บอทตอบกลับ,1,เข้าใจข้อคำถาม,1
4/10/2025,ปฎิทินการศึกษา,บอทตอบกลับ,1,เข้าใจข้อคำถาม,1
5/21/2025,ปฎิทินการศึกษา,บอทตอบกลับ,1,เข้าใจข้อคำถาม,1
3/23/2025,ปฎิทินการศึกษา,บอทตอบกลับ,1,เข้าใจข้อคำถาม,1
5/25/2025,ปฎิทินการศึกษา,บอทตอบกลับ,1,เข้าใจข้อคำถาม,1
4/4/2025,ปฎิทินการศึกษา,บอทตอบกลับ,1,เข้าใจข้อคำถาม,1
4/18/2025,ปฎิทินการศึกษา,บอทตอบกลับ,1,เข้าใจข้อคำถาม,1
4/11/2025,ปฎิทินการศึกษา,บอทตอบกลับ,1,เข้าใจข้อคำถาม,1
3/15/2025,ปฎิทินการศึกษา,บอทตอบกลับ,1,เข้าใจข้อคำถาม,1
4/20/2025,ปฎิทินการศึกษา,บอทตอบกลับ,1,เข้าใจข้อคำถาม,1
5/24/2025,ปฎิทินการศึกษา,บอทตอบกลับ,1,เข้าใจข้อคำถาม,1
4/26/2025,ปฎิทินการศึกษา,บอทตอบกลับ,1,เข้าใจข้อคำถาม,1
4/26/2025,ปฎิทินการศึกษา,บอทตอบกลับ,1,เข้าใจข้อคำถาม,1
5/26/2025,ปฎิทินการศึกษา,บอทตอบกลับ,1,เข้าใจข้อคำถาม,1
5/26/2025,ปฎิทินการศึกษา,บอทตอบกลับ,1,เข้าใจข้อคำถาม,1
3/17/2025,ปฎิทินการศึกษา,บอทตอบกลับ,1,เข้าใจข้อคำถาม,1
3/31/2025,ปฎิทินการศึกษา,บอทตอบกลับ,1,เข้าใจข้อคำถาม,1
3/26/2025,ปฎิทินการศึกษา,บอทตอบกลับ,1,เข้าใจข้อคำถาม,1
3/1/2025,ปฎิทินการศึกษา,บอทตอบกลับ,1,เข้าใจข้อคำถาม,1
5/12/2025,ปฎิทินการศึกษา,บอทตอบกลับ,1,เข้าใจข้อคำถาม,1
5/19/2025,ปฎิทินการศึกษา,บอทตอบกลับ,1,เข้าใจข้อคำถาม,1
5/17/2025,ปฎิทินการศึกษา,บอทตอบกลับ,1,เข้าใจข้อคำถาม,1
4/22/2025,ปฎิทินการศึกษา,บอทตอบกลับ,1,เข้าใจข้อคำถาม,1
5/21/2025,ปฎิทินการศึกษา,บอทตอบกลับ,1,เข้าใจข้อคำถาม,1
5/20/2025,ปฎิทินการศึกษา,บอทตอบกลับ,1,เข้าใจข้อคำถาม,1
3/27/2025,ปฎิทินการศึกษา,บอทตอบกลับ,1,เข้าใจข้อคำถาม,1
5/4/2025,ปฎิทินการศึกษา,บอทตอบกลับ,1,เข้าใจข้อคำถาม,1
5/21/2025,ปฎิทินการศึกษา,บอทตอบกลับ,1,เข้าใจข้อคำถาม,1
5/19/2025,ปฎิทินการศึกษา,บอทตอบกลับ,1,เข้าใจข้อคำถาม,1
3/17/2025,ปฎิทินการศึกษา,บอทตอบกลับ,1,เข้าใจข้อคำถาม,1
4/21/2025,ปฎิทินการศึกษา,บอทตอบกลับ,1,เข้าใจข้อคำถาม,1
5/14/2025,ปฎิทินการศึกษา,บอทตอบกลับ,1,เข้าใจข้อคำถาม,1
3/22/2025,ปฎิทินการศึกษา,บอทตอบกลับ,1,เข้าใจข้อคำถาม,1
5/14/2025,ปฎิทินการศึกษา,บอทตอบกลับ,1,เข้าใจข้อคำถาม,1
5/14/2025,ปฎิทินการศึกษา,บอทตอบกลับ,1,เข้าใจข้อคำถาม,1
5/26/2025,ปฎิทินการศึกษา,บอทตอบกลับ,1,เข้าใจข้อคำถาม,1
4/2/2025,ปฎิทินการศึกษา,บอทตอบกลับ,1,เข้าใจข้อคำถาม,1
4/14/2025,ปฎิทินการศึกษา,บอทตอบกลับ,1,เข้าใจข้อคำถาม,1
5/23/2025,ปฎิทินการศึกษา,บอทตอบกลับ,1,เข้าใจข้อคำถาม,1
4/27/2025,ปฎิทินการศึกษา,บอทตอบกลับ,1,เข้าใจข้อคำถาม,1
5/16/2025,ปฎิทินการศึกษา,บอทตอบกลับ,1,เข้าใจข้อคำถาม,1
5/26/2025,ปฎิทินการศึกษา,บอทตอบกลับ,1,เข้าใจข้อคำถาม,1
4/4/2025,ปฎิทินการศึกษา,บอทตอบกลับ,1,เข้าใจข้อคำถาม,1
5/15/2025,ปฎิทินการศึกษา,บอทตอบกลับ,1,เข้าใจข้อคำถาม,1
3/29/2025,ปฎิทินการศึกษา,บอทตอบกลับ,1,เข้าใจข้อคำถาม,1
4/10/2025,ปฎิทินการศึกษา,บอทตอบกลับ,1,เข้าใจข้อคำถาม,1
4/27/2025,ปฎิทินการศึกษา,บอทตอบกลับ,1,เข้าใจข้อคำถาม,1
3/17/2025,ปฎิทินการศึกษา,บอทตอบกลับ,1,เข้าใจข้อคำถาม,1
5/17/2025,ปฎิทินการศึกษา,บอทตอบกลับ,1,เข้าใจข้อคำถาม,1
5/17/2025,ปฎิทินการศึกษา,บอทตอบกลับ,1,เข้าใจข้อคำถาม,1
5/16/2025,ปฎิทินการศึกษา,บอทตอบกลับ,1,เข้าใจข้อคำถาม,1
4/15/2025,ปฎิทินการศึกษา,บอทตอบกลับ,1,เข้าใจข้อคำถาม,1
3/30/2025,ปฎิทินการศึกษา,บอทตอบกลับ,1,เข้าใจข้อคำถาม,1
5/16/2025,ปฎิทินการศึกษา,บอทตอบกลับ,1,เข้าใจข้อคำถาม,1
5/18/2025,ปฎิทินการศึกษา,บอทตอบกลับ,1,เข้าใจข้อคำถาม,1
3/31/2025,ปฎิทินการศึกษา,บอทตอบกลับ,1,เข้าใจข้อคำถาม,1
4/7/2025,ปฎิทินการศึกษา,บอทตอบกลับ,1,เข้าใจข้อคำถาม,1
3/3/2025,ปฎิทินการศึกษา,บอทตอบกลับ,1,เข้าใจข้อคำถาม,1
5/22/2025,ปฎิทินการศึกษา,บอทตอบกลับ,1,เข้าใจข้อคำถาม,1
5/26/2025,ปฎิทินการศึกษา,บอทตอบกลับ,1,เข้าใจข้อคำถาม,1
3/6/2025,ปฎิทินการศึกษา,บอทตอบกลับ,1,เข้าใจข้อคำถาม,1
5/24/2025,ปฎิทินการศึกษา,บอทตอบกลับ,1,เข้าใจข้อคำถาม,1
5/19/2025,ปฎิทินการศึกษา,บอทตอบกลับ,1,เข้าใจข้อคำถาม,1
4/16/2025,ปฎิทินการศึกษา,บอทตอบกลับ,1,เข้าใจข้อคำถาม,1
5/19/2025,ปฎิทินการศึกษา,บอทตอบกลับ,1,เข้าใจข้อคำถาม,1
5/29/2025,ปฎิทินการศึกษา,บอทตอบกลับ,1,เข้าใจข้อคำถาม,1
3/29/2025,ปฎิทินการศึกษา,บอทตอบกลับ,1,เข้าใจข้อคำถาม,1
3/15/2025,ปฎิทินการศึกษา,บอทตอบกลับ,1,เข้าใจข้อคำถาม,1
4/17/2025,ปฎิทินการศึกษา,บอทตอบกลับ,1,เข้าใจข้อคำถาม,1
5/20/2025,ปฎิทินการศึกษา,บอทตอบกลับ,1,เข้าใจข้อคำถาม,1
3/29/2025,ปฎิทินการศึกษา,บอทตอบกลับ,1,เข้าใจข้อคำถาม,1
3/28/2025,ปฎิทินการศึกษา,บอทตอบกลับ,1,เข้าใจข้อคำถาม,1
5/21/2025,ปฎิทินการศึกษา,บอทตอบกลับ,1,เข้าใจข้อคำถาม,1
5/28/2025,ปฎิทินการศึกษา,บอทตอบกลับ,1,เข้าใจข้อคำถาม,1
3/8/2025,ปฎิทินการศึกษา,บอทตอบกลับ,1,เข้าใจข้อคำถาม,1
5/17/2025,ปฎิทินการศึกษา,บอทตอบกลับ,1,เข้าใจข้อคำถาม,1
4/8/2025,ปฎิทินการศึกษา,บอทตอบกลับ,1,เข้าใจข้อคำถาม,1
4/4/2025,ปฎิทินการศึกษา,บอทตอบกลับ,1,เข้าใจข้อคำถาม,1
5/23/2025,ปฎิทินการศึกษา,บอทตอบกลับ,1,เข้าใจข้อคำถาม,1
5/18/2025,ปฎิทินการศึกษา,บอทตอบกลับ,1,เข้าใจข้อคำถาม,1
4/3/2025,ปฎิทินการศึกษา,บอทตอบกลับ,1,เข้าใจข้อคำถาม,1
5/13/2025,ปฎิทินการศึกษา,บอทตอบกลับ,1,เข้าใจข้อคำถาม,1
5/19/2025,ปฎิทินการศึกษา,บอทตอบกลับ,1,เข้าใจข้อคำถาม,1
5/21/2025,ปฎิทินการศึกษา,บอทตอบกลับ,1,เข้าใจข้อคำถาม,1
4/28/2025,ปฎิทินการศึกษา,บอทตอบกลับ,1,เข้าใจข้อคำถาม,1
3/30/2025,ปฎิทินการศึกษา,บอทตอบกลับ,1,เข้าใจข้อคำถาม,1
5/21/2025,ปฎิทินการศึกษา,บอทตอบกลับ,1,เข้าใจข้อคำถาม,1
5/18/2025,ปฎิทินการศึกษา,บอทตอบกลับ,1,เข้าใจข้อคำถาม,1
3/6/2025,ปฎิทินการศึกษา,บอทตอบกลับ,1,เข้าใจข้อคำถาม,1
5/1/2025,ปฎิทินการศึกษา,บอทตอบกลับ,1,เข้าใจข้อคำถาม,1
3/30/2025,ปฎิทินการศึกษา,บอทตอบกลับ,1,เข้าใจข้อคำถาม,1
5/16/2025,ปฎิทินการศึกษา,บอทตอบกลับ,1,เข้าใจข้อคำถาม,1
5/26/2025,ปฎิทินการศึกษา,บอทตอบกลับ,1,เข้าใจข้อคำถาม,1
5/23/2025,สอบปลายภาค,บอทตอบกลับ,1,เข้าใจข้อคำถาม,1
5/20/2025,สอบปลายภาค,บอทตอบกลับ,1,เข้าใจข้อคำถาม,1
5/22/2025,สอบปลายภาค,บอทตอบกลับ,1,เข้าใจข้อคำถาม,1
5/21/2025,สอบปลายภาค,บอทตอบกลับ,1,เข้าใจข้อคำถาม,1
3/14/2025,สอบปลายภาค,บอทตอบกลับ,1,เข้าใจข้อคำถาม,1
3/18/2025,สอบปลายภาค,บอทตอบกลับ,1,เข้าใจข้อคำถาม,1
4/29/2025,สอบปลายภาค,บอทตอบกลับ,1,เข้าใจข้อคำถาม,1
3/27/2025,สอบปลายภาค,บอทตอบกลับ,1,เข้าใจข้อคำถาม,1
3/21/2025,สอบปลายภาค,บอทตอบกลับ,1,เข้าใจข้อคำถาม,1
4/29/2025,สอบปลายภาค,บอทตอบกลับ,1,เข้าใจข้อคำถาม,1
4/27/2025,สอบปลายภาค,บอทตอบกลับ,1,เข้าใจข้อคำถาม,1
5/28/2025,สอบปลายภาค,บอทตอบกลับ,1,เข้าใจข้อคำถาม,1
3/2/2025,สอบปลายภาค,บอทตอบกลับ,1,เข้าใจข้อคำถาม,1
5/28/2025,สอบปลายภาค,บอทตอบกลับ,1,เข้าใจข้อคำถาม,1
5/29/2025,สอบปลายภาค,บอทตอบกลับ,1,เข้าใจข้อคำถาม,1
5/26/2025,สอบปลายภาค,บอทตอบกลับ,1,เข้าใจข้อคำถาม,1
5/25/2025,สอบปลายภาค,บอทตอบกลับ,1,เข้าใจข้อคำถาม,1
3/24/2025,สอบปลายภาค,บอทตอบกลับ,1,เข้าใจข้อคำถาม,1
4/22/2025,สอบปลายภาค,บอทตอบกลับ,1,เข้าใจข้อคำถาม,1
5/4/2025,สอบปลายภาค,บอทตอบกลับ,1,เข้าใจข้อคำถาม,1
5/25/2025,สอบปลายภาค,บอทตอบกลับ,1,เข้าใจข้อคำถาม,1
3/20/2025,สอบปลายภาค,บอทตอบกลับ,1,เข้าใจข้อคำถาม,1
4/2/2025,สอบปลายภาค,บอทตอบกลับ,1,เข้าใจข้อคำถาม,1
5/17/2025,สอบปลายภาค,บอทตอบกลับ,1,เข้าใจข้อคำถาม,1
5/27/2025,สอบปลายภาค,บอทตอบกลับ,1,เข้าใจข้อคำถาม,1
4/17/2025,สอบปลายภาค,บอทตอบกลับ,1,เข้าใจข้อคำถาม,1
5/26/2025,สอบปลายภาค,บอทตอบกลับ,1,เข้าใจข้อคำถาม,1
5/27/2025,สอบปลายภาค,บอทตอบกลับ,1,เข้าใจข้อคำถาม,1
4/11/2025,สอบปลายภาค,บอทตอบกลับ,1,เข้าใจข้อคำถาม,1
3/21/2025,สอบปลายภาค,บอทตอบกลับ,1,เข้าใจข้อคำถาม,1
5/26/2025,สอบปลายภาค,บอทตอบกลับ,1,เข้าใจข้อคำถาม,1
5/27/2025,ลงทะเบียน,บอทตอบกลับ,1,เข้าใจข้อคำถาม,1
5/16/2025,ลงทะเบียน,บอทตอบกลับ,1,เข้าใจข้อคำถาม,1
3/18/2025,ลงทะเบียน,บอทตอบกลับ,1,เข้าใจข้อคำถาม,1
5/3/2025,ลงทะเบียน,บอทตอบกลับ,1,เข้าใจข้อคำถาม,1
3/16/2025,ลงทะเบียน,บอทตอบกลับ,1,เข้าใจข้อคำถาม,1
3/13/2025,ลงทะเบียน,บอทตอบกลับ,1,เข้าใจข้อคำถาม,1
4/21/2025,ลงทะเบียน,บอทตอบกลับ,1,เข้าใจข้อคำถาม,1
5/25/2025,ลงทะเบียน,บอทตอบกลับ,1,เข้าใจข้อคำถาม,1
5/23/2025,ลงทะเบียน,บอทตอบกลับ,1,เข้าใจข้อคำถาม,1
3/24/2025,ลงทะเบียน,บอทตอบกลับ,1,เข้าใจข้อคำถาม,1
5/2/2025,ลงทะเบียน,บอทตอบกลับ,1,เข้าใจข้อคำถาม,1
5/24/2025,ลงทะเบียน,บอทตอบกลับ,1,เข้าใจข้อคำถาม,1
5/31/2025,ลงทะเบียน,บอทตอบกลับ,1,เข้าใจข้อคำถาม,1
3/18/2025,ลงทะเบียน,บอทตอบกลับ,1,เข้าใจข้อคำถาม,1
3/23/2025,ลงทะเบียน,บอทตอบกลับ,1,เข้าใจข้อคำถาม,1
3/1/2025,ลงทะเบียน,บอทตอบกลับ,1,เข้าใจข้อคำถาม,1
5/20/2025,ลงทะเบียน,บอทตอบกลับ,1,เข้าใจข้อคำถาม,1
5/19/2025,ลงทะเบียน,บอทตอบกลับ,1,เข้าใจข้อคำถาม,1
4/26/2025,ลงทะเบียน,บอทตอบกลับ,1,เข้าใจข้อคำถาม,1
5/9/2025,ลงทะเบียน,บอทตอบกลับ,1,เข้าใจข้อคำถาม,1
5/19/2025,ลงทะเบียน,บอทตอบกลับ,1,เข้าใจข้อคำถาม,1
5/19/2025,ลงทะเบียน,บอทตอบกลับ,1,เข้าใจข้อคำถาม,1
4/5/2025,ลงทะเบียน,บอทตอบกลับ,1,เข้าใจข้อคำถาม,1
5/16/2025,ลงทะเบียน,บอทตอบกลับ,1,เข้าใจข้อคำถาม,1
4/16/2025,ลงทะเบียน,บอทตอบกลับ,1,เข้าใจข้อคำถาม,1
5/23/2025,ลงทะเบียน,บอทตอบกลับ,1,เข้าใจข้อคำถาม,1
3/11/2025,ลงทะเบียน,บอทตอบกลับ,1,เข้าใจข้อคำถาม,1
3/19/2025,ลงทะเบียน,บอทตอบกลับ,1,เข้าใจข้อคำถาม,1
4/22/2025,ลงทะเบียน,บอทตอบกลับ,1,เข้าใจข้อคำถาม,1
3/21/2025,ลงทะเบียน,บอทตอบกลับ,1,เข้าใจข้อคำถาม,1
5/28/2025,ลงทะเบียน,บอทตอบกลับ,1,เข้าใจข้อคำถาม,1
3/16/2025,ลงทะเบียน,บอทตอบกลับ,1,เข้าใจข้อคำถาม,1
4/6/2025,ลงทะเบียน,บอทตอบกลับ,1,เข้าใจข้อคำถาม,1
4/20/2025,ลงทะเบียน,บอทตอบกลับ,1,เข้าใจข้อคำถาม,1
5/22/2025,ลงทะเบียน,บอทตอบกลับ,1,เข้าใจข้อคำถาม,1
4/9/2025,ลงทะเบียน,บอทตอบกลับ,1,เข้าใจข้อคำถาม,1
5/22/2025,ลงทะเบียน,บอทตอบกลับ,1,เข้าใจข้อคำถาม,1
5/28/2025,ลงทะเบียน,บอทตอบกลับ,1,เข้าใจข้อคำถาม,1
5/14/2025,ลงทะเบียน,บอทตอบกลับ,1,เข้าใจข้อคำถาม,1
5/22/2025,ลงทะเบียน,บอทตอบกลับ,1,เข้าใจข้อคำถาม,1
3/28/2025,ลงทะเบียน,บอทตอบกลับ,1,เข้าใจข้อคำถาม,1
5/20/2025,ลงทะเบียน,บอทตอบกลับ,1,เข้าใจข้อคำถาม,1
3/18/2025,ลงทะเบียน,บอทตอบกลับ,1,เข้าใจข้อคำถาม,1
4/8/2025,ลงทะเบียน,บอทตอบกลับ,1,เข้าใจข้อคำถาม,1
5/25/2025,ลงทะเบียน,บอทตอบกลับ,1,เข้าใจข้อคำถาม,1
4/1/2025,ลงทะเบียน,บอทตอบกลับ,1,เข้าใจข้อคำถาม,1
5/13/2025,ลงทะเบียน,บอทตอบกลับ,1,เข้าใจข้อคำถาม,1
5/2/2025,ลงทะเบียน,บอทตอบกลับ,1,เข้าใจข้อคำถาม,1
3/22/2025,ลงทะเบียน,บอทตอบกลับ,1,เข้าใจข้อคำถาม,1
5/18/2025,ลงทะเบียน,บอทตอบกลับ,1,เข้าใจข้อคำถาม,1
3/5/2025,การฝึกงาน,บอทตอบกลับ,1,เข้าใจข้อคำถาม,1
5/27/2025,การฝึกงาน,บอทตอบกลับ,1,เข้าใจข้อคำถาม,1
5/31/2025,การฝึกงาน,บอทตอบกลับ,1,เข้าใจข้อคำถาม,1
3/19/2025,การฝึกงาน,บอทตอบกลับ,1,เข้าใจข้อคำถาม,1
3/23/2025,การฝึกงาน,บอทตอบกลับ,1,เข้าใจข้อคำถาม,1
5/30/2025,การฝึกงาน,บอทตอบกลับ,1,เข้าใจข้อคำถาม,1
4/29/2025,การฝึกงาน,บอทตอบกลับ,1,เข้าใจข้อคำถาม,1
5/21/2025,การฝึกงาน,บอทตอบกลับ,1,เข้าใจข้อคำถาม,1
5/1/2025,การฝึกงาน,บอทตอบกลับ,1,เข้าใจข้อคำถาม,1
5/7/2025,การฝึกงาน,บอทตอบกลับ,1,เข้าใจข้อคำถาม,1
5/21/2025,การฝึกงาน,บอทตอบกลับ,1,เข้าใจข้อคำถาม,1
3/1/2025,การฝึกงาน,บอทตอบกลับ,1,เข้าใจข้อคำถาม,1
3/22/2025,การฝึกงาน,บอทตอบกลับ,1,เข้าใจข้อคำถาม,1
4/30/2025,การฝึกงาน,บอทตอบกลับ,1,เข้าใจข้อคำถาม,1
3/27/2025,การฝึกงาน,บอทตอบกลับ,1,เข้าใจข้อคำถาม,1
5/21/2025,การฝึกงาน,บอทตอบกลับ,1,เข้าใจข้อคำถาม,1
5/25/2025,การฝึกงาน,บอทตอบกลับ,1,เข้าใจข้อคำถาม,1
5/19/2025,การฝึกงาน,บอทตอบกลับ,1,เข้าใจข้อคำถาม,1
5/16/2025,การฝึกงาน,บอทตอบกลับ,1,เข้าใจข้อคำถาม,1
5/24/2025,การฝึกงาน,บอทตอบกลับ,1,เข้าใจข้อคำถาม,1
4/4/2025,การลงทะเบียน,บอทตอบกลับ,1,เข้าใจข้อคำถาม,1
4/8/2025,การลงทะเบียน,บอทตอบกลับ,1,เข้าใจข้อคำถาม,1
5/23/2025,การลงทะเบียน,บอทตอบกลับ,1,เข้าใจข้อคำถาม,1
4/15/2025,การลงทะเบียน,บอทตอบกลับ,1,เข้าใจข้อคำถาม,1
3/4/2025,การลงทะเบียน,บอทตอบกลับ,1,เข้าใจข้อคำถาม,1
3/31/2025,การลงทะเบียน,บอทตอบกลับ,1,เข้าใจข้อคำถาม,1
3/11/2025,การลงทะเบียน,บอทตอบกลับ,1,เข้าใจข้อคำถาม,1
5/23/2025,การลงทะเบียน,บอทตอบกลับ,1,เข้าใจข้อคำถาม,1
5/25/2025,การลงทะเบียน,บอทตอบกลับ,1,เข้าใจข้อคำถาม,1
5/25/2025,การลงทะเบียน,บอทตอบกลับ,1,เข้าใจข้อคำถาม,1
4/12/2025,การลงทะเบียน,บอทตอบกลับ,1,เข้าใจข้อคำถาม,1
5/8/2025,การลงทะเบียน,บอทตอบกลับ,1,เข้าใจข้อคำถาม,1
5/24/2025,การลงทะเบียน,บอทตอบกลับ,1,เข้าใจข้อคำถาม,1
5/18/2025,การลงทะเบียน,บอทตอบกลับ,1,เข้าใจข้อคำถาม,1
5/26/2025,การลงทะเบียน,บอทตอบกลับ,1,เข้าใจข้อคำถาม,1
3/12/2025,การลงทะเบียน,บอทตอบกลับ,1,เข้าใจข้อคำถาม,1
5/29/2025,การลงทะเบียน,บอทตอบกลับ,1,เข้าใจข้อคำถาม,1
5/25/2025,การลงทะเบียน,บอทตอบกลับ,1,เข้าใจข้อคำถาม,1
5/29/2025,การลงทะเบียน,บอทตอบกลับ,1,เข้าใจข้อคำถาม,1
5/25/2025,การศึกษาฝึกงาน,บอทตอบกลับ,1,เข้าใจข้อคำถาม,1
5/26/2025,การศึกษาฝึกงาน,บอทตอบกลับ,1,เข้าใจข้อคำถาม,1
4/17/2025,การศึกษาฝึกงาน,บอทตอบกลับ,1,เข้าใจข้อคำถาม,1
4/1/2025,การศึกษาฝึกงาน,บอทตอบกลับ,1,เข้าใจข้อคำถาม,1
5/27/2025,การศึกษาฝึกงาน,บอทตอบกลับ,1,เข้าใจข้อคำถาม,1
5/27/2025,การศึกษาฝึกงาน,บอทตอบกลับ,1,เข้าใจข้อคำถาม,1
5/26/2025,การศึกษาฝึกงาน,บอทตอบกลับ,1,เข้าใจข้อคำถาม,1
5/14/2025,การศึกษาฝึกงาน,บอทตอบกลับ,1,เข้าใจข้อคำถาม,1
5/19/2025,การศึกษาฝึกงาน,บอทตอบกลับ,1,เข้าใจข้อคำถาม,1
3/2/2025,การศึกษาฝึกงาน,บอทตอบกลับ,1,เข้าใจข้อคำถาม,1
5/7/2025,การศึกษาฝึกงาน,บอทตอบกลับ,1,เข้าใจข้อคำถาม,1
5/22/2025,การศึกษาฝึกงาน,บอทตอบกลับ,1,เข้าใจข้อคำถาม,1
5/23/2025,การศึกษาฝึกงาน,บอทตอบกลับ,1,เข้าใจข้อคำถาม,1
4/7/2025,การศึกษาฝึกงาน,บอทตอบกลับ,1,เข้าใจข้อคำถาม,1
4/24/2025,การศึกษาฝึกงาน,บอทตอบกลับ,1,เข้าใจข้อคำถาม,1
5/8/2025,การศึกษาฝึกงาน,บอทตอบกลับ,1,เข้าใจข้อคำถาม,1
4/16/2025,เกณฑ์ GPA เท่าไหร่ถึงจะกู้ยืมได้,บอทตอบกลับ,1,เข้าใจข้อคำถาม,1
3/21/2025,เกณฑ์ GPA เท่าไหร่ถึงจะกู้ยืมได้,บอทตอบกลับ,1,เข้าใจข้อคำถาม,1
4/25/2025,เกณฑ์ GPA เท่าไหร่ถึงจะกู้ยืมได้,บอทตอบกลับ,1,เข้าใจข้อคำถาม,1
3/19/2025,เกณฑ์ GPA เท่าไหร่ถึงจะกู้ยืมได้,บอทตอบกลับ,1,เข้าใจข้อคำถาม,1
5/29/2025,เกณฑ์ GPA เท่าไหร่ถึงจะกู้ยืมได้,บอทตอบกลับ,1,เข้าใจข้อคำถาม,1
4/9/2025,เกณฑ์ GPA เท่าไหร่ถึงจะกู้ยืมได้,บอทตอบกลับ,1,เข้าใจข้อคำถาม,1
3/23/2025,เกณฑ์ GPA เท่าไหร่ถึงจะกู้ยืมได้,บอทตอบกลับ,1,เข้าใจข้อคำถาม,1
4/28/2025,เกณฑ์ GPA เท่าไหร่ถึงจะกู้ยืมได้,บอทตอบกลับ,1,เข้าใจข้อคำถาม,1
5/25/2025,เกณฑ์ GPA เท่าไหร่ถึงจะกู้ยืมได้,บอทตอบกลับ,1,เข้าใจข้อคำถาม,1
5/8/2025,เกณฑ์ GPA เท่าไหร่ถึงจะกู้ยืมได้,บอทตอบกลับ,1,เข้าใจข้อคำถาม,1
5/25/2025,เกณฑ์ GPA เท่าไหร่ถึงจะกู้ยืมได้,บอทตอบกลับ,1,เข้าใจข้อคำถาม,1
5/13/2025,ขอขั้นตอนในการกู้ กยศ.,บอทตอบกลับ,1,เข้าใจข้อคำถาม,1
4/17/2025,ขอขั้นตอนในการกู้ กยศ.,บอทตอบกลับ,1,เข้าใจข้อคำถาม,1
4/5/2025,ขอขั้นตอนในการกู้ กยศ.,บอทตอบกลับ,1,เข้าใจข้อคำถาม,1
3/4/2025,ขอขั้นตอนในการกู้ กยศ.,บอทตอบกลับ,1,เข้าใจข้อคำถาม,1
3/26/2025,ขอขั้นตอนในการกู้ กยศ.,บอทตอบกลับ,1,เข้าใจข้อคำถาม,1
4/8/2025,ขอขั้นตอนในการกู้ กยศ.,บอทตอบกลับ,1,เข้าใจข้อคำถาม,1
3/28/2025,ขอขั้นตอนในการกู้ กยศ.,บอทตอบกลับ,1,เข้าใจข้อคำถาม,1
4/26/2025,ขอขั้นตอนในการกู้ กยศ.,บอทตอบกลับ,1,เข้าใจข้อคำถาม,1
4/24/2025,ขอขั้นตอนในการกู้ กยศ.,บอทตอบกลับ,1,เข้าใจข้อคำถาม,1
3/24/2025,ขอขั้นตอนในการกู้ กยศ.,บอทตอบกลับ,1,เข้าใจข้อคำถาม,1
5/23/2025,ขอขั้นตอนในการกู้ กยศ.,บอทตอบกลับ,1,เข้าใจข้อคำถาม,1
4/25/2025,ขอขั้นตอนในการกู้ กยศ.,บอทตอบกลับ,1,เข้าใจข้อคำถาม,1
4/9/2025,ขอขั้นตอนในการกู้ กยศ.,บอทตอบกลับ,1,เข้าใจข้อคำถาม,1
4/27/2025,ขอขั้นตอนในการกู้ กยศ.,บอทตอบกลับ,1,เข้าใจข้อคำถาม,1
3/16/2025,ขอขั้นตอนในการกู้กยศ.,บอทตอบกลับ,1,เข้าใจข้อคำถาม,1
5/25/2025,ขอขั้นตอนในการกู้กยศ.,บอทตอบกลับ,1,เข้าใจข้อคำถาม,1
5/21/2025,ขอขั้นตอนในการกู้กยศ.,บอทตอบกลับ,1,เข้าใจข้อคำถาม,1
4/12/2025,ขอขั้นตอนในการกู้กยศ.,บอทตอบกลับ,1,เข้าใจข้อคำถาม,1
3/26/2025,ขอขั้นตอนในการกู้กยศ.,บอทตอบกลับ,1,เข้าใจข้อคำถาม,1
5/16/2025,ขอขั้นตอนในการกู้กยศ.,บอทตอบกลับ,1,เข้าใจข้อคำถาม,1
3/3/2025,ขอขั้นตอนในการกู้กยศ.,บอทตอบกลับ,1,เข้าใจข้อคำถาม,1
5/28/2025,ขอขั้นตอนในการกู้กยศ.,บอทตอบกลับ,1,เข้าใจข้อคำถาม,1
3/18/2025,ขอขั้นตอนในการกู้กยศ.,บอทตอบกลับ,1,เข้าใจข้อคำถาม,1
4/9/2025,ขอขั้นตอนในการกู้กยศ.,บอทตอบกลับ,1,เข้าใจข้อคำถาม,1
3/11/2025,ขอขั้นตอนในการกู้กยศ.,บอทตอบกลับ,1,เข้าใจข้อคำถาม,1
3/23/2025,ขอขั้นตอนในการกู้กยศ.,บอทตอบกลับ,1,เข้าใจข้อคำถาม,1
5/18/2025,ขอขั้นตอนในการกู้กยศ.,บอทตอบกลับ,1,เข้าใจข้อคำถาม,1
5/24/2025,ขอขั้นตอนในการกู้กยศ,บอทตอบกลับ,1,เข้าใจข้อคำถาม,1
4/5/2025,ขอขั้นตอนในการกู้กยศ,บอทตอบกลับ,1,เข้าใจข้อคำถาม,1
5/18/2025,ขอขั้นตอนในการกู้กยศ,บอทตอบกลับ,1,เข้าใจข้อคำถาม,1
5/28/2025,ขอขั้นตอนในการกู้กยศ,บอทตอบกลับ,1,เข้าใจข้อคำถาม,1
4/29/2025,ขอขั้นตอนในการกู้กยศ,บอทตอบกลับ,1,เข้าใจข้อคำถาม,1
5/25/2025,ขอขั้นตอนในการเบิกเงินค่ารักษาพยาบาล?,บอทตอบกลับ,1,เข้าใจข้อคำถาม,1
5/4/2025,ขอขั้นตอนในการเบิกเงินค่ารักษาพยาบาล?,บอทตอบกลับ,1,เข้าใจข้อคำถาม,1
3/31/2025,ขอขั้นตอนในการสอบย้อนหลัง,บอทตอบกลับ,1,เข้าใจข้อคำถาม,1
5/30/2025,ขอขั้นตอนในการสอบย้อนหลัง,บอทตอบกลับ,1,เข้าใจข้อคำถาม,1
5/11/2025,ขอขั้นตอนในการสอบย้อนหลัง,บอทตอบกลับ,1,เข้าใจข้อคำถาม,1
4/10/2025,ขอขั้นตอนในการสอบย้อนหลัง,บอทตอบกลับ,1,เข้าใจข้อคำถาม,1
5/10/2025,ขอขั้นตอนในการสอบย้อนหลัง,บอทตอบกลับ,1,เข้าใจข้อคำถาม,1
4/20/2025,ขอขั้นตอนในการสอบย้อนหลัง,บอทตอบกลับ,1,เข้าใจข้อคำถาม,1
4/1/2025,ขอขั้นตอนในการสอบย้อนหลัง,บอทตอบกลับ,1,เข้าใจข้อคำถาม,1
4/5/2025,ขอขั้นตอนในการสอบย้อนหลัง,บอทตอบกลับ,1,เข้าใจข้อคำถาม,1
4/23/2025,ขอขั้นตอนในการสอบย้อนหลัง,บอทตอบกลับ,1,เข้าใจข้อคำถาม,1
4/6/2025,ขอขั้นตอนในการสอบย้อนหลัง,บอทตอบกลับ,1,เข้าใจข้อคำถาม,1
3/3/2025,ขอขั้นตอนในการสอบย้อนหลัง,บอทตอบกลับ,1,เข้าใจข้อคำถาม,1
3/15/2025,ขอขั้นตอนในการสอบย้อนหลัง,บอทตอบกลับ,1,เข้าใจข้อคำถาม,1
5/29/2025,ขอเคลมค่ารักษายังไง และประกันอุบัติเหตุนักศึกษาคุ้มครองช่วงไหน,บอทตอบกลับ,1,เข้าใจข้อคำถาม,1
5/19/2025,ขอเคลมค่ารักษายังไง และประกันอุบัติเหตุนักศึกษาคุ้มครองช่วงไหน,บอทตอบกลับ,1,เข้าใจข้อคำถาม,1
5/3/2025,ขอเคลมค่ารักษายังไง และประกันอุบัติเหตุนักศึกษาคุ้มครองช่วงไหน,บอทตอบกลับ,1,เข้าใจข้อคำถาม,1
5/18/2025,ขอเคลมค่ารักษายังไง และประกันอุบัติเหตุนักศึกษาคุ้มครองช่วงไหน,บอทตอบกลับ,1,เข้าใจข้อคำถาม,1
5/28/2025,ขอเคลมค่ารักษายังไง และประกันอุบัติเหตุนักศึกษาคุ้มครองช่วงไหน,บอทตอบกลับ,1,เข้าใจข้อคำถาม,1
4/26/2025,ขอเคลมค่ารักษายังไง และประกันอุบัติเหตุนักศึกษาคุ้มครองช่วงไหน,บอทตอบกลับ,1,เข้าใจข้อคำถาม,1
3/4/2025,ขอเคลมค่ารักษายังไง และประกันอุบัติเหตุนักศึกษาคุ้มครองช่วงไหน,บอทตอบกลับ,1,เข้าใจข้อคำถาม,1
4/5/2025,ขอเคลมค่ารักษายังไง และประกันอุบัติเหตุนักศึกษาคุ้มครองช่วงไหน,บอทตอบกลับ,1,เข้าใจข้อคำถาม,1
5/20/2025,ขอเคลมค่ารักษายังไง และประกันอุบัติเหตุนักศึกษาคุ้มครองช่วงไหน,บอทตอบกลับ,1,เข้าใจข้อคำถาม,1
4/6/2025,ขอเคลมค่ารักษายังไง และประกันอุบัติเหตุนักศึกษาคุ้มครองช่วงไหน,บอทตอบกลับ,1,เข้าใจข้อคำถาม,1
5/25/2025,ขอเคลมค่ารักษายังไง และประกันอุบัติเหตุนักศึกษาคุ้มครองช่วงไหน,บอทตอบกลับ,1,เข้าใจข้อคำถาม,1
3/2/2025,ขอเคลมค่ารักษายังไง และประกันอุบัติเหตุนักศึกษาคุ้มครองช่วงไหน,บอทตอบกลับ,1,เข้าใจข้อคำถาม,1
5/25/2025,ขอช่องทางแจ้งปัญหา,บอทตอบกลับ,1,เข้าใจข้อคำถาม,1
3/1/2025,ขอช่องทางแจ้งปัญหา,บอทตอบกลับ,1,เข้าใจข้อคำถาม,1
3/30/2025,ขอช่องทางแจ้งปัญหา,บอทตอบกลับ,1,เข้าใจข้อคำถาม,1
5/13/2025,ขอช่องทางแจ้งปัญหา,บอทตอบกลับ,1,เข้าใจข้อคำถาม,1
5/22/2025,ขอช่องทางแจ้งปัญหา,บอทตอบกลับ,1,เข้าใจข้อคำถาม,1
5/2/2025,ขอช่องทางแจ้งปัญหา,บอทตอบกลับ,1,เข้าใจข้อคำถาม,1
5/24/2025,ขอช่องทางแจ้งปัญหา,บอทตอบกลับ,1,เข้าใจข้อคำถาม,1
5/23/2025,ขอช่องทางแจ้งปัญหา,บอทตอบกลับ,1,เข้าใจข้อคำถาม,1
5/11/2025,ขอช่องทางแจ้งปัญหา,บอทตอบกลับ,1,เข้าใจข้อคำถาม,1
5/6/2025,ขอช่องทางแจ้งปัญหา,บอทตอบกลับ,1,เข้าใจข้อคำถาม,1
5/14/2025,ขอช่องทางแจ้งปัญหา,บอทตอบกลับ,1,เข้าใจข้อคำถาม,1
5/23/2025,ขอช่องทางแจ้งปัญหา,บอทตอบกลับ,1,เข้าใจข้อคำถาม,1
4/10/2025,ขอบคุณครับ,บอทตอบกลับ,1,เข้าใจข้อคำถาม,1
5/21/2025,ขอบคุณครับ,บอทตอบกลับ,1,เข้าใจข้อคำถาม,1
4/21/2025,ขอบคุณครับ,บอทตอบกลับ,1,เข้าใจข้อคำถาม,1
3/1/2025,ขอบคุณครับ,บอทตอบกลับ,1,เข้าใจข้อคำถาม,1
5/20/2025,ขอบคุณครับ,บอทตอบกลับ,1,เข้าใจข้อคำถาม,1
3/24/2025,ขอบคุณครับ,บอทตอบกลับ,1,เข้าใจข้อคำถาม,1
3/3/2025,ขอบคุณครับ,บอทตอบกลับ,1,เข้าใจข้อคำถาม,1
3/21/2025,ขอบคุณครับ,บอทตอบกลับ,1,เข้าใจข้อคำถาม,1
4/28/2025,ขอบคุณครับ,บอทตอบกลับ,1,เข้าใจข้อคำถาม,1
4/7/2025,ขอเบอร์,บอทตอบกลับ,1,เข้าใจข้อคำถาม,1
5/17/2025,ขอเบอร์,บอทตอบกลับ,1,เข้าใจข้อคำถาม,1
5/27/2025,ขอเบอร์,บอทตอบกลับ,1,เข้าใจข้อคำถาม,1
3/22/2025,ขอเบอร์,บอทตอบกลับ,1,เข้าใจข้อคำถาม,1
4/1/2025,ขอเบอร์,บอทตอบกลับ,1,เข้าใจข้อคำถาม,1
3/10/2025,ขอเบอร์,บอทตอบกลับ,1,เข้าใจข้อคำถาม,1
5/30/2025,ขอเบอร์,บอทตอบกลับ,1,เข้าใจข้อคำถาม,1
5/27/2025,ขอเบอร์,บอทตอบกลับ,1,เข้าใจข้อคำถาม,1
5/15/2025,ขอเบอร์เจ้าหน้าที่,บอทตอบกลับ,1,เข้าใจข้อคำถาม,1
5/14/2025,ขอเบอร์เจ้าหน้าที่,บอทตอบกลับ,1,เข้าใจข้อคำถาม,1
3/18/2025,ขอเบอร์เจ้าหน้าที่,บอทตอบกลับ,1,เข้าใจข้อคำถาม,1
5/23/2025,ขอเบอร์เจ้าหน้าที่,บอทตอบกลับ,1,เข้าใจข้อคำถาม,1
4/25/2025,ขอเบอร์เจ้าหน้าที่,บอทตอบกลับ,1,เข้าใจข้อคำถาม,1
5/19/2025,ขอเบอร์เจ้าหน้าที่,บอทตอบกลับ,1,เข้าใจข้อคำถาม,1
5/18/2025,ขอเบอร์เจ้าหน้าที่,บอทตอบกลับ,1,เข้าใจข้อคำถาม,1
3/25/2025,ขอเบอร์เจ้าหน้าที่,บอทตอบกลับ,1,เข้าใจข้อคำถาม,1
5/30/2025,ขอเบอร์เจ้าหน้าที่,บอทตอบกลับ,1,เข้าใจข้อคำถาม,1
3/4/2025,ขอเบอร์ติดต่อเจ้าหน้าที่งานทะเบียน,บอทตอบกลับ,1,เข้าใจข้อคำถาม,1
3/3/2025,ขอเบอร์ติดต่อเจ้าหน้าที่งานทะเบียน,บอทตอบกลับ,1,เข้าใจข้อคำถาม,1
3/25/2025,ขอเบอร์ติดต่อเจ้าหน้าที่งานทะเบียน,บอทตอบกลับ,1,เข้าใจข้อคำถาม,1
5/27/2025,ขอเบอร์ติดต่อเจ้าหน้าที่งานทะเบียน,บอทตอบกลับ,1,เข้าใจข้อคำถาม,1
5/13/2025,ขอเบอร์ติดต่อเจ้าหน้าที่งานทะเบียน,บอทตอบกลับ,1,เข้าใจข้อคำถาม,1
5/27/2025,ขอเบอร์ติดต่อเจ้าหน้าที่งานทะเบียน,บอทตอบกลับ,1,เข้าใจข้อคำถาม,1
5/30/2025,ขอเบอร์ติดต่อเจ้าหน้าที่งานทะเบียน,บอทตอบกลับ,1,เข้าใจข้อคำถาม,1
5/28/2025,ขอเบอร์ติดต่อเจ้าหน้าที่งานทะเบียน,บอทตอบกลับ,1,เข้าใจข้อคำถาม,1
5/29/2025,ขอเบอร์ติดต่อเจ้าหน้าที่งานทะเบียน,บอทตอบกลับ,1,เข้าใจข้อคำถาม,1
4/18/2025,ขอเบอร์ติดต่อเจ้าหน้าที่งานทะเบียน,บอทตอบกลับ,1,เข้าใจข้อคำถาม,1
5/20/2025,ขอเบอร์ติดต่อเจ้าหน้าที่งานทะเบียน,บอทตอบกลับ,1,เข้าใจข้อคำถาม,1
4/3/2025,ขอเบอร์ติดต่อเจ้าหน้าที่งานทะเบียน,บอทตอบกลับ,1,เข้าใจข้อคำถาม,1
3/22/2025,ขอเบอร์ติดต่อเจ้าหน้าที่งานทะเบียน,บอทตอบกลับ,1,เข้าใจข้อคำถาม,1
3/29/2025,ขอเบอร์ติดต่อเจ้าหน้าที่งานพยาบาล,บอทตอบกลับ,1,เข้าใจข้อคำถาม,1
5/17/2025,ขอเบอร์ติดต่อเจ้าหน้าที่งานพยาบาล,บอทตอบกลับ,1,เข้าใจข้อคำถาม,1
5/27/2025,ขอเบอร์ติดต่อเจ้าหน้าที่งานพยาบาล,บอทตอบกลับ,1,เข้าใจข้อคำถาม,1
5/31/2025,ขอเบอร์ติดต่อเจ้าหน้าที่งานพยาบาล,บอทตอบกลับ,1,เข้าใจข้อคำถาม,1
5/23/2025,ขอเบอร์ติดต่อเจ้าหน้าที่งานพยาบาล,บอทตอบกลับ,1,เข้าใจข้อคำถาม,1
4/6/2025,ขอเบอร์ติดต่อเจ้าหน้าที่งานพยาบาล,บอทตอบกลับ,1,เข้าใจข้อคำถาม,1
5/14/2025,ขอเบอร์ติดต่อเจ้าหน้าที่งานพยาบาล,บอทตอบกลับ,1,เข้าใจข้อคำถาม,1
5/29/2025,ขอเบอร์ติดต่อเจ้าหน้าที่งานพยาบาล,บอทตอบกลับ,1,เข้าใจข้อคำถาม,1
5/30/2025,ขอเบอร์ติดต่อเจ้าหน้าที่งานพยาบาล,บอทตอบกลับ,1,เข้าใจข้อคำถาม,1
4/12/2025,ขอเบอร์ติดต่อเจ้าหน้าที่งานสหกิจศึกษา,บอทตอบกลับ,1,เข้าใจข้อคำถาม,1
5/25/2025,ขอเบอร์ติดต่อเจ้าหน้าที่งานสหกิจศึกษา,บอทตอบกลับ,1,เข้าใจข้อคำถาม,1
5/26/2025,ขอเบอร์ติดต่อเจ้าหน้าที่งานสหกิจศึกษา,บอทตอบกลับ,1,เข้าใจข้อคำถาม,1
4/4/2025,ขอเบอร์ติดต่อเจ้าหน้าที่งานสหกิจศึกษา,บอทตอบกลับ,1,เข้าใจข้อคำถาม,1
4/13/2025,ขอเบอร์ติดต่อเจ้าหน้าที่งานสหกิจศึกษา,บอทตอบกลับ,1,เข้าใจข้อคำถาม,1
5/7/2025,ขอเบอร์ติดต่อเจ้าหน้าที่งานสหกิจศึกษา,บอทตอบกลับ,1,เข้าใจข้อคำถาม,1
5/30/2025,ขอเบอร์ติดต่อเจ้าหน้าที่งานสหกิจศึกษา,บอทตอบกลับ,1,เข้าใจข้อคำถาม,1
3/1/2025,ขอเบอร์ติดต่อเจ้าหน้าที่งานสหกิจศึกษา,บอทตอบกลับ,1,เข้าใจข้อคำถาม,1
5/24/2025,ขอเบอร์ติดต่อเจ้าหน้าที่ที่รับผิดชอบในด้านการผ่อนผันการเกณฑ์ทหาร,บอทตอบกลับ,1,เข้าใจข้อคำถาม,1
5/14/2025,ขอเบอร์ติดต่อเจ้าหน้าที่ที่รับผิดชอบในด้านการผ่อนผันการเกณฑ์ทหาร,บอทตอบกลับ,1,เข้าใจข้อคำถาม,1
5/25/2025,ขอเบอร์ติดต่อเจ้าหน้าที่ที่รับผิดชอบในด้านการผ่อนผันการเกณฑ์ทหาร,บอทตอบกลับ,1,เข้าใจข้อคำถาม,1
4/9/2025,ขอเบอร์ติดต่อเจ้าหน้าที่ที่รับผิดชอบในด้านการผ่อนผันการเกณฑ์ทหาร,บอทตอบกลับ,1,เข้าใจข้อคำถาม,1
5/24/2025,ขอเบอร์ติดต่อเจ้าหน้าที่ที่รับผิดชอบในด้านการผ่อนผันการเกณฑ์ทหาร,บอทตอบกลับ,1,เข้าใจข้อคำถาม,1
4/24/2025,ขอเบอร์ติดต่อเจ้าหน้าที่ที่รับผิดชอบในด้านการผ่อนผันการเกณฑ์ทหาร,บอทตอบกลับ,1,เข้าใจข้อคำถาม,1
4/21/2025,ขอเบอร์ติดต่อเจ้าหน้าที่ที่รับผิดชอบในด้านการผ่อนผันการเกณฑ์ทหาร,บอทตอบกลับ,1,เข้าใจข้อคำถาม,1
5/23/2025,ขอเบอร์ติดต่อเจ้าหน้าที่ที่รับผิดชอบในด้านการผ่อนผันการเกณฑ์ทหาร,บอทตอบกลับ,1,เข้าใจข้อคำถาม,1
4/19/2025,ขอเบอร์หน่วยงานในมหาลัย,บอทตอบกลับ,1,เข้าใจข้อคำถาม,1
5/16/2025,ขอเบอร์หน่วยงานในมหาลัย,บอทตอบกลับ,1,เข้าใจข้อคำถาม,1
5/20/2025,ขอเบอร์หน่วยงานในมหาลัย,บอทตอบกลับ,1,เข้าใจข้อคำถาม,1
5/28/2025,ขอเบอร์หน่วยงานในมหาลัย,บอทตอบกลับ,1,เข้าใจข้อคำถาม,1
5/19/2025,ขอเบอร์หน่วยงานในมหาลัย,บอทตอบกลับ,1,เข้าใจข้อคำถาม,1
5/13/2025,ขอเบอร์หน่วยงานในมหาลัย,บอทตอบกลับ,1,เข้าใจข้อคำถาม,1
5/18/2025,ขอเบอร์หน่วยงานในมหาลัย,บอทตอบกลับ,1,เข้าใจข้อคำถาม,1
5/21/2025,ขอเบอร์หน่วยงานในมหาลัย,บอทตอบกลับ,1,เข้าใจข้อคำถาม,1
5/31/2025,ขอใบรับรองผลการเรียนยังไง,บอทตอบกลับ,1,เข้าใจข้อคำถาม,1
4/26/2025,ขอใบรับรองผลการเรียนยังไง,บอทตอบกลับ,1,เข้าใจข้อคำถาม,1
5/30/2025,ขอใบรับรองผลการเรียนยังไง,บอทตอบกลับ,1,เข้าใจข้อคำถาม,1
4/11/2025,ขอใบรับรองผลการเรียนยังไง,บอทตอบกลับ,1,เข้าใจข้อคำถาม,1
5/18/2025,ขอใบรับรองผลการเรียนยังไง,บอทตอบกลับ,1,เข้าใจข้อคำถาม,1
5/27/2025,ขอใบรับรองผลการเรียนยังไง,บอทตอบกลับ,1,เข้าใจข้อคำถาม,1
5/16/2025,ขอใบรับรองผลการเรียนยังไง,บอทตอบกลับ,1,เข้าใจข้อคำถาม,1
5/22/2025,ขอใบรับรองผลการเรียนยังไง,บอทตอบกลับ,1,เข้าใจข้อคำถาม,1
3/24/2025,ขอรายละเอียดการรับรองรายได้ครอบครัว ของผู้ขอกู้ยืมเงิน กยศ.?,บอทตอบกลับ,1,เข้าใจข้อคำถาม,1
5/2/2025,ขอรายละเอียดการรับรองรายได้ครอบครัว ของผู้ขอกู้ยืมเงิน กยศ.?,บอทตอบกลับ,1,เข้าใจข้อคำถาม,1
5/23/2025,ขอรายละเอียดการรับรองรายได้ครอบครัว ของผู้ขอกู้ยืมเงิน กยศ.?,บอทตอบกลับ,1,เข้าใจข้อคำถาม,1
5/24/2025,ขอรายละเอียดการรับรองรายได้ครอบครัว ของผู้ขอกู้ยืมเงิน กยศ.?,บอทตอบกลับ,1,เข้าใจข้อคำถาม,1
5/29/2025,ขอรายละเอียดการรับรองรายได้ครอบครัว ของผู้ขอกู้ยืมเงิน กยศ.?,บอทตอบกลับ,1,เข้าใจข้อคำถาม,1
4/19/2025,ขอรายละเอียดการรับรองรายได้ครอบครัว ของผู้ขอกู้ยืมเงิน กยศ.?,บอทตอบกลับ,1,เข้าใจข้อคำถาม,1
4/7/2025,ขอรายละเอียดการรับรองรายได้ครอบครัว ของผู้ขอกู้ยืมเงิน กยศ.?,บอทตอบกลับ,1,เข้าใจข้อคำถาม,1
5/30/2025,ขั้นตอนการผ่อนผันค่าลงทะเบียนเรียนนักศึกษา,บอทตอบกลับ,1,เข้าใจข้อคำถาม,1
5/27/2025,ขั้นตอนการผ่อนผันค่าลงทะเบียนเรียนนักศึกษา,บอทตอบกลับ,1,เข้าใจข้อคำถาม,1
5/19/2025,ขั้นตอนการผ่อนผันค่าลงทะเบียนเรียนนักศึกษา,บอทตอบกลับ,1,เข้าใจข้อคำถาม,1
5/28/2025,ขั้นตอนการผ่อนผันค่าลงทะเบียนเรียนนักศึกษา,บอทตอบกลับ,1,เข้าใจข้อคำถาม,1
5/25/2025,ขั้นตอนการผ่อนผันค่าลงทะเบียนเรียนนักศึกษา,บอทตอบกลับ,1,เข้าใจข้อคำถาม,1
4/13/2025,ค่าเทอม,บอทตอบกลับ,1,เข้าใจข้อคำถาม,1
5/21/2025,คีย์บอร์ด,บอทตอบกลับ,1,เข้าใจข้อคำถาม,1
5/9/2025,คีย์บอร์ด,บอทตอบกลับ,1,เข้าใจข้อคำถาม,1
5/24/2025,คีย์บอร์ด,บอทตอบกลับ,1,เข้าใจข้อคำถาม,1
5/13/2025,คีย์บอร์ด,บอทตอบกลับ,1,เข้าใจข้อคำถาม,1
4/16/2025,คีย์บอร์ด,บอทตอบกลับ,1,เข้าใจข้อคำถาม,1
3/20/2025,คีย์บอร์ด,บอทตอบกลับ,1,เข้าใจข้อคำถาม,1
4/26/2025,คีย์บอร์ด,บอทตอบกลับ,1,เข้าใจข้อคำถาม,1
5/31/2025,คุณต้องการสอบถามอะไรเกี่ยวกับกยศ.?,บอทตอบกลับ,1,เข้าใจข้อคำถาม,1
5/31/2025,คุณต้องการสอบถามอะไรเกี่ยวกับกยศ.?,บอทตอบกลับ,1,เข้าใจข้อคำถาม,1
3/23/2025,คุณต้องการสอบถามอะไรเกี่ยวกับกยศ.?,บอทตอบกลับ,1,เข้าใจข้อคำถาม,1
3/28/2025,คุณต้องการสอบถามอะไรเกี่ยวกับกยศ.?,บอทตอบกลับ,1,เข้าใจข้อคำถาม,1
4/28/2025,คุณต้องการสอบถามอะไรเกี่ยวกับกยศ.?,บอทตอบกลับ,1,เข้าใจข้อคำถาม,1
4/21/2025,คุณต้องการสอบถามอะไรเกี่ยวกับกยศ.?,บอทตอบกลับ,1,เข้าใจข้อคำถาม,1
4/1/2025,คุณต้องการสอบถามอะไรเกี่ยวกับการจัดสถานะนักศึกษา,บอทตอบกลับ,1,เข้าใจข้อคำถาม,1
5/26/2025,คุณต้องการสอบถามอะไรเกี่ยวกับการจัดสถานะนักศึกษา,บอทตอบกลับ,1,เข้าใจข้อคำถาม,1
5/23/2025,คุณต้องการสอบถามอะไรเกี่ยวกับการจัดสถานะนักศึกษา,บอทตอบกลับ,1,เข้าใจข้อคำถาม,1
5/21/2025,คุณต้องการสอบถามอะไรเกี่ยวกับการจัดสถานะนักศึกษา,บอทตอบกลับ,1,เข้าใจข้อคำถาม,1
5/23/2025,คุณต้องการสอบถามอะไรเกี่ยวกับการจัดสถานะนักศึกษา,บอทตอบกลับ,1,เข้าใจข้อคำถาม,1
4/26/2025,คุณต้องการสอบถามอะไรเกี่ยวกับการจัดสถานะนักศึกษา,บอทตอบกลับ,1,เข้าใจข้อคำถาม,1
5/19/2025,คุณต้องการสอบถามอะไรเกี่ยวกับการผ่อนผันทหาร,บอทตอบกลับ,1,เข้าใจข้อคำถาม,1
5/28/2025,คุณต้องการสอบถามอะไรเกี่ยวกับการผ่อนผันทหาร,บอทตอบกลับ,1,เข้าใจข้อคำถาม,1
5/13/2025,คุณต้องการสอบถามอะไรเกี่ยวกับการผ่อนผันทหาร,บอทตอบกลับ,1,เข้าใจข้อคำถาม,1
5/26/2025,คุณต้องการสอบถามอะไรเกี่ยวกับการผ่อนผันทหาร,บอทตอบกลับ,1,เข้าใจข้อคำถาม,1
5/26/2025,คุณต้องการสอบถามอะไรเกี่ยวกับการผ่อนผันทหาร,บอทตอบกลับ,1,เข้าใจข้อคำถาม,1
5/27/2025,คุณต้องการสอบถามอะไรเกี่ยวกับการผ่อนผันทหาร,บอทตอบกลับ,1,เข้าใจข้อคำถาม,1
3/13/2025,ใครกู้กยศ.ได้บ้าง,บอทตอบกลับ,1,เข้าใจข้อคำถาม,1
4/8/2025,ใครกู้กยศ.ได้บ้าง,บอทตอบกลับ,1,เข้าใจข้อคำถาม,1
3/7/2025,ใครกู้กยศ.ได้บ้าง,บอทตอบกลับ,1,เข้าใจข้อคำถาม,1
5/15/2025,ใครกู้กยศ.ได้บ้าง,บอทตอบกลับ,1,เข้าใจข้อคำถาม,1
5/19/2025,ใครกู้กยศ.ได้บ้าง,บอทตอบกลับ,1,เข้าใจข้อคำถาม,1
5/29/2025,ใครกู้กยศ.ได้บ้าง,บอทตอบกลับ,1,เข้าใจข้อคำถาม,1
4/28/2025,งานสโมสรนักศึกษา,บอทตอบกลับ,1,เข้าใจข้อคำถาม,1
3/9/2025,งานสโมสรนักศึกษา,บอทตอบกลับ,1,เข้าใจข้อคำถาม,1
5/27/2025,งานสโมสรนักศึกษา,บอทตอบกลับ,1,เข้าใจข้อคำถาม,1
4/19/2025,งานสโมสรนักศึกษา,บอทตอบกลับ,1,เข้าใจข้อคำถาม,1
5/8/2025,งานสโมสรนักศึกษา,บอทตอบกลับ,1,เข้าใจข้อคำถาม,1
5/27/2025,เงื่อนไขการกู้ กยศ มีอะไรบ้าง,บอทตอบกลับ,1,เข้าใจข้อคำถาม,1
5/20/2025,เงื่อนไขการกู้ กยศ มีอะไรบ้าง,บอทตอบกลับ,1,เข้าใจข้อคำถาม,1
5/22/2025,เงื่อนไขการกู้ กยศ มีอะไรบ้าง,บอทตอบกลับ,1,เข้าใจข้อคำถาม,1
5/16/2025,เงื่อนไขการกู้ กยศ มีอะไรบ้าง,บอทตอบกลับ,1,เข้าใจข้อคำถาม,1
3/25/2025,จะกู้,บอทตอบกลับ,1,เข้าใจข้อคำถาม,1
5/17/2025,จะกู้,บอทตอบกลับ,1,เข้าใจข้อคำถาม,1
5/20/2025,จะใช้ประกันอุบัติเหตุ,บอทตอบกลับ,1,เข้าใจข้อคำถาม,1
5/20/2025,จะใช้ประกันอุบัติเหตุ,บอทตอบกลับ,1,เข้าใจข้อคำถาม,1
5/27/2025,จะใช้ประกันอุบัติเหตุ,บอทตอบกลับ,1,เข้าใจข้อคำถาม,1
5/26/2025,จะใช้ประกันอุบัติเหตุ,บอทตอบกลับ,1,เข้าใจข้อคำถาม,1
5/27/2025,จะใช้ประกันอุบัติเหตุ,บอทตอบกลับ,1,เข้าใจข้อคำถาม,1
4/6/2025,จะดรอป,บอทตอบกลับ,1,เข้าใจข้อคำถาม,1
5/21/2025,จะดรอป,บอทตอบกลับ,1,เข้าใจข้อคำถาม,1
5/29/2025,จะดรอป,บอทตอบกลับ,1,เข้าใจข้อคำถาม,1
5/17/2025,จะดรอป,บอทตอบกลับ,1,เข้าใจข้อคำถาม,1
5/23/2025,จะดรอป,บอทตอบกลับ,1,เข้าใจข้อคำถาม,1
5/31/2025,จะยื่นขอกู้เรียน กยศ. ทำไงดี,บอทตอบกลับ,1,เข้าใจข้อคำถาม,1
5/5/2025,จะยื่นขอกู้เรียน กยศ. ทำไงดี,บอทตอบกลับ,1,เข้าใจข้อคำถาม,1
4/13/2025,จะยื่นขอกู้เรียน กยศ. ทำไงดี,บอทตอบกลับ,1,เข้าใจข้อคำถาม,1
5/9/2025,จะยื่นขอกู้เรียน กยศ. ทำไงดี,บอทตอบกลับ,1,เข้าใจข้อคำถาม,1
5/4/2025,เจ้าหน้าที่,บอทตอบกลับ,1,เข้าใจข้อคำถาม,1
5/24/2025,เจ้าหน้าที่,บอทตอบกลับ,1,เข้าใจข้อคำถาม,1
3/16/2025,เจ้าหน้าที่,บอทตอบกลับ,1,เข้าใจข้อคำถาม,1
5/25/2025,เจ้าหน้าที่,บอทตอบกลับ,1,เข้าใจข้อคำถาม,1
5/29/2025,ใช่,บอทตอบกลับ,1,เข้าใจข้อคำถาม,1
5/20/2025,ใช่,บอทตอบกลับ,1,เข้าใจข้อคำถาม,1
4/29/2025,ใช่,บอทตอบกลับ,1,เข้าใจข้อคำถาม,1
5/20/2025,ใช่,บอทตอบกลับ,1,เข้าใจข้อคำถาม,1
5/20/2025,ใช้สิทธิประกันมหาวิทยาลัย ต้องติดต่อกับใคร,บอทตอบกลับ,1,เข้าใจข้อคำถาม,1
5/27/2025,ใช้สิทธิประกันมหาวิทยาลัย ต้องติดต่อกับใคร,บอทตอบกลับ,1,เข้าใจข้อคำถาม,1
4/2/2025,ใช้สิทธิประกันมหาวิทยาลัย ต้องติดต่อกับใคร,บอทตอบกลับ,1,เข้าใจข้อคำถาม,1
3/5/2025,ใช้สิทธิประกันมหาวิทยาลัย ต้องติดต่อกับใคร,บอทตอบกลับ,1,เข้าใจข้อคำถาม,1
5/10/2025,ใช้เอกสารอะไรบ้างในการย้ายสาขา,บอทตอบกลับ,1,เข้าใจข้อคำถาม,1
4/6/2025,ใช้เอกสารอะไรบ้างในการย้ายสาขา,บอทตอบกลับ,1,เข้าใจข้อคำถาม,1
5/4/2025,ใช้เอกสารอะไรบ้างในการย้ายสาขา,บอทตอบกลับ,1,เข้าใจข้อคำถาม,1
3/22/2025,ใช้เอกสารอะไรบ้างในการย้ายสาขา,บอทตอบกลับ,1,เข้าใจข้อคำถาม,1
5/19/2025,ต้องการถอนรายวิชาสามารถทำเรื่องได้ตอนไหน,บอทตอบกลับ,1,เข้าใจข้อคำถาม,1
5/26/2025,ต้องการถอนรายวิชาสามารถทำเรื่องได้ตอนไหน,บอทตอบกลับ,1,เข้าใจข้อคำถาม,1
5/2/2025,ต้องการถอนรายวิชาสามารถทำเรื่องได้ตอนไหน,บอทตอบกลับ,1,เข้าใจข้อคำถาม,1
3/3/2025,ต้องการถามเกี่ยวกับกยศ.ต่อ,บอทตอบกลับ,1,เข้าใจข้อคำถาม,1
3/2/2025,ต้องการถามเกี่ยวกับกยศ.ต่อ,บอทตอบกลับ,1,เข้าใจข้อคำถาม,1
5/29/2025,ต้องการถามเกี่ยวกับกยศ.ต่อ,บอทตอบกลับ,1,เข้าใจข้อคำถาม,1
4/21/2025,ต้องการถามเกี่ยวกับการประกันอุบัติเหตุต่อ,บอทตอบกลับ,1,เข้าใจข้อคำถาม,1
5/27/2025,ต้องการถามเกี่ยวกับการประกันอุบัติเหตุต่อ,บอทตอบกลับ,1,เข้าใจข้อคำถาม,1
5/16/2025,ต้องการถามเกี่ยวกับการประกันอุบัติเหตุต่อ,บอทตอบกลับ,1,เข้าใจข้อคำถาม,1
4/23/2025,ต้องการถามเกี่ยวกับการผ่อนผันต่อ,บอทตอบกลับ,1,เข้าใจข้อคำถาม,1
3/30/2025,ต้องการถามเกี่ยวกับการผ่อนผันต่อ,บอทตอบกลับ,1,เข้าใจข้อคำถาม,1
5/22/2025,ต้องการถามเกี่ยวกับการผ่อนผันต่อ,บอทตอบกลับ,1,เข้าใจข้อคำถาม,1
5/15/2025,ต้องการถามเกี่ยวกับการลงทะเบียนต่อ,บอทตอบกลับ,1,เข้าใจข้อคำถาม,1
3/28/2025,ต้องการถามเกี่ยวกับการลงทะเบียนต่อ,บอทตอบกลับ,1,เข้าใจข้อคำถาม,1
5/5/2025,ต้องการถามเกี่ยวกับการลงทะเบียนต่อ,บอทตอบกลับ,1,เข้าใจข้อคำถาม,1
3/19/2025,ต้องการถามเกี่ยวกับการลงทะเบียนต่อ,บอทตอบกลับ,1,เข้าใจข้อคำถาม,1
3/16/2025,ต้องการถามเกี่ยวกับการลงทะเบียนอีกไหมคะ,บอทตอบกลับ,1,เข้าใจข้อคำถาม,1
3/9/2025,ต้องการถามเกี่ยวกับการลงทะเบียนอีกไหมคะ,บอทตอบกลับ,1,เข้าใจข้อคำถาม,1
4/26/2025,ต้องการถามเกี่ยวกับการลงทะเบียนอีกไหมคะ,บอทตอบกลับ,1,เข้าใจข้อคำถาม,1
3/12/2025,ต้องการถามเกี่ยวกับการสอบ,บอทตอบกลับ,1,เข้าใจข้อคำถาม,1
5/23/2025,ต้องการถามเกี่ยวกับการสอบ,บอทตอบกลับ,1,เข้าใจข้อคำถาม,1
4/6/2025,ต้องการถามเกี่ยวกับการสอบ,บอทตอบกลับ,1,เข้าใจข้อคำถาม,1
5/27/2025,ต้องการถามเกี่ยวกับการสอบต่อ,บอทตอบกลับ,1,เข้าใจข้อคำถาม,1
4/23/2025,ต้องการถามเกี่ยวกับการสอบต่อ,บอทตอบกลับ,1,เข้าใจข้อคำถาม,1
5/23/2025,ต้องการถามเกี่ยวกับการสอบต่อ,บอทตอบกลับ,1,เข้าใจข้อคำถาม,1
4/20/2025,ต้องการถามเกี่ยวกับการสอบอีกไหมคะ,บอทตอบกลับ,1,เข้าใจข้อคำถาม,1
4/1/2025,ต้องการถามเกี่ยวกับการสอบอีกไหมคะ,บอทตอบกลับ,1,เข้าใจข้อคำถาม,1
5/25/2025,ต้องการถามเกี่ยวกับการสอบอีกไหมคะ,บอทตอบกลับ,1,เข้าใจข้อคำถาม,1
5/21/2025,ต้องการดรอปรายวิชาสามารถติดต่อใครได้บ้าง,บอทตอบกลับ,1,เข้าใจข้อคำถาม,1
4/19/2025,ต้องการดรอปรายวิชาสามารถติดต่อใครได้บ้าง,บอทตอบกลับ,1,เข้าใจข้อคำถาม,1
5/1/2025,ต้องการถามเกี่ยวกับประกันอุบัติเหตุต่อ,บอทตอบกลับ,1,เข้าใจข้อคำถาม,1
3/11/2025,ต้องการถามเกี่ยวกับประกันอุบัติเหตุต่อ,บอทตอบกลับ,1,เข้าใจข้อคำถาม,1
5/7/2025,ต้องการถามเกี่ยวเอกสาร,บอทตอบกลับ,1,เข้าใจข้อคำถาม,1
5/16/2025,ต้องการถามเกี่ยวเอกสาร,บอทตอบกลับ,1,เข้าใจข้อคำถาม,1
3/15/2025,ต้องการถามเจ้าหน้าที่หน่วยงานไหนอีกไหม,บอทตอบกลับ,1,เข้าใจข้อคำถาม,1
3/28/2025,ต้องการถามเจ้าหน้าที่หน่วยงานไหนอีกไหม,บอทตอบกลับ,1,เข้าใจข้อคำถาม,1
4/19/2025,ติดต่อเจ้าหน้าที่,บอทตอบกลับ,1,เข้าใจข้อคำถาม,1
5/26/2025,ติดต่อเจ้าหน้าที่,บอทตอบกลับ,1,เข้าใจข้อคำถาม,1
5/22/2025,ติดต่อเจ้าหน้าที่งานสหกิจ,บอทตอบกลับ,1,เข้าใจข้อคำถาม,1
5/18/2025,ติดต่อเจ้าหน้าที่งานสหกิจ,บอทตอบกลับ,1,เข้าใจข้อคำถาม,1
5/19/2025,ถอนวิชา/เพิ่มวิชาทำยังไง,บอทตอบกลับ,1,เข้าใจข้อคำถาม,1
5/20/2025,ถอนวิชา/เพิ่มวิชาทำยังไง,บอทตอบกลับ,1,เข้าใจข้อคำถาม,1
4/27/2025,ถ้าเกิดยืนใช้สิทธิประกันอุบัติเหตุของมหาวิทยาลัย ต้องติดต่อใคร,บอทตอบกลับ,1,เข้าใจข้อคำถาม,1
5/18/2025,ถ้าเกิดยืนใช้สิทธิประกันอุบัติเหตุของมหาวิทยาลัย ต้องติดต่อใคร,บอทตอบกลับ,1,เข้าใจข้อคำถาม,1
5/31/2025,ถ้าเอกสารกยศ.ที่ยื่นไปแล้วใส่รายละเอียดผิด ต้องแก้ยังไง?,บอทตอบกลับ,1,เข้าใจข้อคำถาม,1
5/17/2025,ถ้าเอกสารกยศ.ที่ยื่นไปแล้วใส่รายละเอียดผิด ต้องแก้ยังไง?,บอทตอบกลับ,1,เข้าใจข้อคำถาม,1
5/19/2025,ถ้าเอกสารกยศ.ที่ยื่นไปแล้วใส่รายละเอียดผิด ต้องแก้ยังไง,บอทตอบกลับ,1,เข้าใจข้อคำถาม,1
5/24/2025,ถ้าเอกสารกยศ.ที่ยื่นไปแล้วใส่รายละเอียดผิด ต้องแก้ยังไง,บอทตอบกลับ,1,เข้าใจข้อคำถาม,1
3/1/2025,โรงพยาบาล,บอทตอบกลับ,1,เข้าใจข้อคำถาม,1
5/24/2025,ลงทะเบียน,บอทตอบกลับ,1,เข้าใจข้อคำถาม,1
5/19/2025,ลงทะเบียน,บอทตอบกลับ,1,เข้าใจข้อคำถาม,1
5/26/2025,สมัคร,บอทตอบกลับ,1,เข้าใจข้อคำถาม,1
4/17/2025,สมาคมศิษย์เก่า,บอทตอบกลับ,1,เข้าใจข้อคำถาม,1
4/19/2025,สมุด,บอทตอบกลับ,1,เข้าใจข้อคำถาม,1
5/27/2025,สอบ,บอทตอบกลับ,1,เข้าใจข้อคำถาม,1
3/8/2025,สอบกลางภาค 1/2568 วันไหนบ้าง?,บอทตอบกลับ,1,เข้าใจข้อคำถาม,1
3/8/2025,สอบกลางภาค 2/2568 วันไหนบ้าง?,บอทตอบกลับ,1,เข้าใจข้อคำถาม,1
4/3/2025,สอบกลางภาคเทอม 1 วันไหนบ้าง,บอทตอบกลับ,1,เข้าใจข้อคำถาม,1
3/6/2025,สอบกลางภาคเทอม 2 วันไหนบ้าง,บอทตอบกลับ,1,เข้าใจข้อคำถาม,1
4/21/2025,สอบปลายภาค,บอทตอบกลับ,1,เข้าใจข้อคำถาม,1
5/18/2025,สอบปลายภาค 1/2567 วันไหนบ้าง?,บอทตอบกลับ,1,เข้าใจข้อคำถาม,1
4/11/2025,สอบปลายภาค 1/2568 วันไหนบ้าง?,บอทตอบกลับ,1,เข้าใจข้อคำถาม,1
3/8/2025,สอบปลายภาค 2/2567 วันไหนบ้าง?,บอทตอบกลับ,1,เข้าใจข้อคำถาม,1
5/26/2025,สอบปลายภาค 2/2568 วันไหนบ้าง?,บอทตอบกลับ,1,เข้าใจข้อคำถาม,1
5/29/2025,สอบปลายภาคเทอม 1 วันไหนบ้าง,บอทตอบกลับ,1,เข้าใจข้อคำถาม,1
5/23/2025,สอบปี1 2567,บอทตอบกลับ,1,เข้าใจข้อคำถาม,1
4/19/2025,สอบย้อนหลังได้ไหม,บอทตอบกลับ,1,เข้าใจข้อคำถาม,1
5/27/2025,สอบฤดูร้อน,บอทตอบกลับ,1,เข้าใจข้อคำถาม,1
4/21/2025,สอบฤดูร้อน 1/2567 วันไหนบ้าง?,บอทตอบกลับ,1,เข้าใจข้อคำถาม,1
5/22/2025,สอบฤดูร้อน 1/2568 วันไหนบ้าง?,บอทตอบกลับ,1,เข้าใจข้อคำถาม,1
5/24/2025,สอบฤดูร้อน 2/2567 วันไหนบ้าง?,บอทตอบกลับ,1,เข้าใจข้อคำถาม,1
3/21/2025,สอบฤดูร้อน 2/2568 วันไหนบ้าง?,บอทตอบกลับ,1,เข้าใจข้อคำถาม,1
5/20/2025,สอบฤดูร้อนกลางภาควันไหนบ้าง,บอทตอบกลับ,1,เข้าใจข้อคำถาม,1
5/21/2025,สอบวันไหน,บอทตอบกลับ,1,เข้าใจข้อคำถาม,1
5/16/2025,สอบวันไหนวะ,บอทตอบกลับ,1,เข้าใจข้อคำถาม,1
4/21/2025,สามารถทำเรื่องกู้ กยศ.ได้ที่ไหน,บอทตอบกลับ,1,เข้าใจข้อคำถาม,1
4/28/2025,สามารถยื่นคำขอกู้ผ่านระบบ DSL ได้อย่างไร?,บอทตอบกลับ,1,เข้าใจข้อคำถาม,1
4/27/2025,หลักฐานสอบย้อนหลัง,บอทตอบกลับ,1,เข้าใจข้อคำถาม,1
4/28/2025,ห้องพยาบาลอยู่ตึกไหน,บอทตอบกลับ,1,เข้าใจข้อคำถาม,1
3/14/2025,ห้องสมุด,บอทตอบกลับ,1,เข้าใจข้อคำถาม,1
3/20/2025,ห้องสมุดเปิดกี่โมง,บอทตอบกลับ,1,เข้าใจข้อคำถาม,1
5/11/2025,หอประชุม,บอทตอบกลับ,1,เข้าใจข้อคำถาม,1
5/15/2025,หอพักนักศึกษา,บอทตอบกลับ,1,เข้าใจข้อคำถาม,1
5/29/2025,หากต้องการดรอป,บอทตอบกลับ,1,เข้าใจข้อคำถาม,1
3/27/2025,หากต้องการดรอปทำยังไงดี,บอทตอบกลับ,1,เข้าใจข้อคำถาม,1
4/26/2025,หากต้องการแบบฟอร์มเรียกร้องค่าสินไหมทดแทนต้องไปรับใบได้ที่ไหน?,บอทตอบกลับ,1,เข้าใจข้อคำถาม,1
5/17/2025,อยากดรอป,บอทตอบกลับ,1,เข้าใจข้อคำถาม,1
3/10/2025,อยากรู้ว่าลงทะเบียนได้กี่โมง,บอทตอบกลับ,1,เข้าใจข้อคำถาม,1
5/20/2025,อยากให้เพิ่มฟีเจอร์หาคู่รัก,บอทตอบกลับ,1,เข้าใจข้อคำถาม,1
5/8/2025,อยากให้ระบบดีขึ้น,บอทตอบกลับ,1,เข้าใจข้อคำถาม,1
3/9/2025,อาคารกิจกรรม,บอทตอบกลับ,1,เข้าใจข้อคำถาม,1
3/24/2025,เอกสาร,บอทตอบกลับ,1,เข้าใจข้อคำถาม,1
5/20/2025,เอกสาร,บอทตอบกลับ,1,เข้าใจข้อคำถาม,1
5/21/2025,เอกสารที่ต้องเตรียมสำหรับการรักษาสภาพการเป็นนักศึกษามีอะไรบ้าง,บอทตอบกลับ,1,เข้าใจข้อคำถาม,1
4/19/2025,เอกสารในการกู้,บอทตอบกลับ,1,เข้าใจข้อคำถาม,1
5/13/2025,เอกสารในการกู้ กยศ. ต้องใช้อะไรบ้าง?,บอทตอบกลับ,1,เข้าใจข้อคำถาม,1
5/19/2025,เอกสารผ่อนผันทหาร,บอทตอบกลับ,1,เข้าใจข้อคำถาม,1
5/27/2025,ลงทะเบียนซ้ำรายวิชาเดิมได้หรือไม่,บอทตอบกลับ,1,เข้าใจข้อคำถาม,1
5/16/2025,ลงทะเบียนซ้ำรายวิชาเดิมได้หรือไม่,บอทตอบกลับ,1,เข้าใจข้อคำถาม,1
5/22/2025,ลงทะเบียนซ้ำรายวิชาเดิมได้หรือไม่,บอทตอบกลับ,1,เข้าใจข้อคำถาม,1
5/28/2025,ลงทะเบียนซ้ำรายวิชาเดิมได้หรือไม่,บอทตอบกลับ,1,เข้าใจข้อคำถาม,1
4/10/2025,ลงทะเบียนรายวิชาข้ามคณะทำได้ไหม,บอทตอบกลับ,1,เข้าใจข้อคำถาม,1
5/31/2025,ลงทะเบียนรายวิชาข้ามคณะทำได้ไหม,บอทตอบกลับ,1,เข้าใจข้อคำถาม,1
3/3/2025,เปลี่ยนกลุ่มเรียน ต้องติดต่อใคร,บอทตอบกลับ,1,เข้าใจข้อคำถาม,1
5/28/2025,เปลี่ยนกลุ่มเรียน ต้องติดต่อใคร,บอทตอบกลับ,1,เข้าใจข้อคำถาม,1
4/14/2025,เปลี่ยนกลุ่มเรียน ต้องติดต่อใคร,บอทตอบกลับ,1,เข้าใจข้อคำถาม,1
5/17/2025,ระบบลงทะเบียนล่ม แจ้งปัญหาที่ไหน,บอทตอบกลับ,1,เข้าใจข้อคำถาม,1
5/20/2025,ระบบลงทะเบียนล่ม แจ้งปัญหาที่ไหน,บอทตอบกลับ,1,เข้าใจข้อคำถาม,1
3/29/2025,ระบบลงทะเบียนล่ม แจ้งปัญหาที่ไหน,บอทตอบกลับ,1,เข้าใจข้อคำถาม,1
5/14/2025,ระบบลงทะเบียนล่ม แจ้งปัญหาที่ไหน,บอทตอบกลับ,1,เข้าใจข้อคำถาม,1
5/22/2025,ระบบลงทะเบียนล่ม แจ้งปัญหาที่ไหน,บอทตอบกลับ,1,เข้าใจข้อคำถาม,1
4/23/2025,ขอสอบย้อนหลังได้ในกรณีใดบ้าง,บอทตอบกลับ,1,เข้าใจข้อคำถาม,1
3/28/2025,ขอสอบย้อนหลังได้ในกรณีใดบ้าง,บอทตอบกลับ,1,เข้าใจข้อคำถาม,1
4/14/2025,ขอสอบย้อนหลังได้ในกรณีใดบ้าง,บอทตอบกลับ,1,เข้าใจข้อคำถาม,1
3/8/2025,ขอสอบย้อนหลังได้ในกรณีใดบ้าง,บอทตอบกลับ,1,เข้าใจข้อคำถาม,1
5/17/2025,ขอสอบย้อนหลังได้ในกรณีใดบ้าง,บอทตอบกลับ,1,เข้าใจข้อคำถาม,1
3/3/2025,ขอสอบย้อนหลังได้ในกรณีใดบ้าง,บอทตอบกลับ,1,เข้าใจข้อคำถาม,1
5/18/2025,ขอสอบย้อนหลังได้ในกรณีใดบ้าง,บอทตอบกลับ,1,เข้าใจข้อคำถาม,1
5/27/2025,ขอสอบย้อนหลังได้ในกรณีใดบ้าง,บอทตอบกลับ,1,เข้าใจข้อคำถาม,1
5/23/2025,ขอสอบย้อนหลังได้ในกรณีใดบ้าง,บอทตอบกลับ,1,เข้าใจข้อคำถาม,1
5/14/2025,ขอสอบย้อนหลังได้ในกรณีใดบ้าง,บอทตอบกลับ,1,เข้าใจข้อคำถาม,1
5/28/2025,ยื่นเอกสารผิดต้องแก้ไขขั้นตอนใด,บอทตอบกลับ,1,เข้าใจข้อคำถาม,1
4/5/2025,ยื่นเอกสารผิดต้องแก้ไขขั้นตอนใด,บอทตอบกลับ,1,เข้าใจข้อคำถาม,1
5/18/2025,ยื่นเอกสารผิดต้องแก้ไขขั้นตอนใด,บอทตอบกลับ,1,เข้าใจข้อคำถาม,1
5/18/2025,ติดตามผลอนุมัติการกู้ดูตรงไหน,บอทตอบกลับ,1,เข้าใจข้อคำถาม,1
4/4/2025,ติดตามผลอนุมัติการกู้ดูตรงไหน,บอทตอบกลับ,1,เข้าใจข้อคำถาม,1
5/30/2025,ต้องใช้เอกสารอะไรบ้างเวลายื่นเคลม,บอทตอบกลับ,1,เข้าใจข้อคำถาม,1
5/28/2025,ต้องใช้เอกสารอะไรบ้างเวลายื่นเคลม,บอทตอบกลับ,1,เข้าใจข้อคำถาม,1
3/1/2025,ต้องใช้เอกสารอะไรบ้างเวลายื่นเคลม,บอทตอบกลับ,1,เข้าใจข้อคำถาม,1
4/5/2025,ต้องใช้เอกสารอะไรบ้างเวลายื่นเคลม,บอทตอบกลับ,1,เข้าใจข้อคำถาม,1
5/21/2025,ขอหนังสือรับรองไปฝึกงานต้องดำเนินการอย่างไร,บอทตอบกลับ,1,เข้าใจข้อคำถาม,1
3/4/2025,ขอหนังสือรับรองไปฝึกงานต้องดำเนินการอย่างไร,บอทตอบกลับ,1,เข้าใจข้อคำถาม,1
5/30/2025,ขอหนังสือรับรองไปฝึกงานต้องดำเนินการอย่างไร,บอทตอบกลับ,1,เข้าใจข้อคำถาม,1
3/30/2025,ขอหนังสือรับรองไปฝึกงานต้องดำเนินการอย่างไร,บอทตอบกลับ,1,เข้าใจข้อคำถาม,1
3/7/2025,ขอหนังสือรับรองไปฝึกงานต้องดำเนินการอย่างไร,บอทตอบกลับ,1,เข้าใจข้อคำถาม,1
4/10/2025,ขอหนังสือรับรองไปฝึกงานต้องดำเนินการอย่างไร,บอทตอบกลับ,1,เข้าใจข้อคำถาม,1
5/17/2025,ขอหนังสือรับรองไปฝึกงานต้องดำเนินการอย่างไร,บอทตอบกลับ,1,เข้าใจข้อคำถาม,1
3/18/2025,ขอหนังสือรับรองไปฝึกงานต้องดำเนินการอย่างไร,บอทตอบกลับ,1,เข้าใจข้อคำถาม,1
5/24/2025,ขอหนังสือรับรองไปฝึกงานต้องดำเนินการอย่างไร,บอทตอบกลับ,1,เข้าใจข้อคำถาม,1
5/11/2025,ขอหนังสือรับรองไปฝึกงานต้องดำเนินการอย่างไร,บอทตอบกลับ,1,เข้าใจข้อคำถาม,1
3/8/2025,ขอหนังสือรับรองไปฝึกงานต้องดำเนินการอย่างไร,บอทตอบกลับ,1,เข้าใจข้อคำถาม,1
5/24/2025,ขอหนังสือรับรองไปฝึกงานต้องดำเนินการอย่างไร,บอทตอบกลับ,1,เข้าใจข้อคำถาม,1
3/10/2025,ขอหนังสือรับรองไปฝึกงานต้องดำเนินการอย่างไร,บอทตอบกลับ,1,เข้าใจข้อคำถาม,1
5/12/2025,ขอหนังสือรับรองไปฝึกงานต้องดำเนินการอย่างไร,บอทตอบกลับ,1,เข้าใจข้อคำถาม,1
5/21/2025,ขอหนังสือรับรองไปฝึกงานต้องดำเนินการอย่างไร,บอทตอบกลับ,1,เข้าใจข้อคำถาม,1
5/17/2025,ขอหนังสือรับรองไปฝึกงานต้องดำเนินการอย่างไร,บอทตอบกลับ,1,เข้าใจข้อคำถาม,1
5/17/2025,ขอหนังสือรับรองไปฝึกงานต้องดำเนินการอย่างไร,บอทตอบกลับ,1,เข้าใจข้อคำถาม,1
3/28/2025,ขอหนังสือรับรองไปฝึกงานต้องดำเนินการอย่างไร,บอทตอบกลับ,1,เข้าใจข้อคำถาม,1
3/2/2025,ขอหนังสือรับรองไปฝึกงานต้องดำเนินการอย่างไร,บอทตอบกลับ,1,เข้าใจข้อคำถาม,1
3/5/2025,ขอหนังสือรับรองไปฝึกงานต้องดำเนินการอย่างไร,บอทตอบกลับ,1,เข้าใจข้อคำถาม,1
3/15/2025,ขอหนังสือรับรองไปฝึกงานต้องดำเนินการอย่างไร,บอทตอบกลับ,1,เข้าใจข้อคำถาม,1
4/10/2025,ขอหนังสือรับรองไปฝึกงานต้องดำเนินการอย่างไร,บอทตอบกลับ,1,เข้าใจข้อคำถาม,1
5/8/2025,ขอหนังสือรับรองไปฝึกงานต้องดำเนินการอย่างไร,บอทตอบกลับ,1,เข้าใจข้อคำถาม,1
5/25/2025,ขอหนังสือรับรองไปฝึกงานต้องดำเนินการอย่างไร,บอทตอบกลับ,1,เข้าใจข้อคำถาม,1
4/19/2025,ขอหนังสือรับรองไปฝึกงานต้องดำเนินการอย่างไร,บอทตอบกลับ,1,เข้าใจข้อคำถาม,1
3/29/2025,ขอหนังสือรับรองไปฝึกงานต้องดำเนินการอย่างไร,บอทตอบกลับ,1,เข้าใจข้อคำถาม,1
4/6/2025,ขอหนังสือรับรองไปฝึกงานต้องดำเนินการอย่างไร,บอทตอบกลับ,1,เข้าใจข้อคำถาม,1
5/25/2025,ขอหนังสือรับรองไปฝึกงานต้องดำเนินการอย่างไร,บอทตอบกลับ,1,เข้าใจข้อคำถาม,1
4/28/2025,ขอหนังสือรับรองไปฝึกงานต้องดำเนินการอย่างไร,บอทตอบกลับ,1,เข้าใจข้อคำถาม,1
5/10/2025,ขอหนังสือรับรองไปฝึกงานต้องดำเนินการอย่างไร,บอทตอบกลับ,1,เข้าใจข้อคำถาม,1
3/24/2025,ขอผ่อนผันค่าเทอม ต้องยื่นที่ไหน,บอทตอบกลับ,1,เข้าใจข้อคำถาม,1
5/24/2025,ย้ายสาขาต้องใช้เอกสารอะไรบ้าง,บอทตอบกลับ,1,เข้าใจข้อคำถาม,1
5/13/2025,ย้ายสาขาต้องใช้เอกสารอะไรบ้าง,บอทตอบกลับ,1,เข้าใจข้อคำถาม,1
5/21/2025,ย้ายสาขาต้องใช้เอกสารอะไรบ้าง,บอทตอบกลับ,1,เข้าใจข้อคำถาม,1
5/29/2025,ย้ายสาขาต้องใช้เอกสารอะไรบ้าง,บอทตอบกลับ,1,เข้าใจข้อคำถาม,1
5/25/2025,ย้ายสาขาต้องใช้เอกสารอะไรบ้าง,บอทตอบกลับ,1,เข้าใจข้อคำถาม,1
3/26/2025,ย้ายสาขาต้องใช้เอกสารอะไรบ้าง,บอทตอบกลับ,1,เข้าใจข้อคำถาม,1
5/18/2025,ย้ายสาขาต้องใช้เอกสารอะไรบ้าง,บอทตอบกลับ,1,เข้าใจข้อคำถาม,1
5/16/2025,ย้ายสาขาต้องใช้เอกสารอะไรบ้าง,บอทตอบกลับ,1,เข้าใจข้อคำถาม,1
4/3/2025,ย้ายสาขาต้องใช้เอกสารอะไรบ้าง,บอทตอบกลับ,1,เข้าใจข้อคำถาม,1
3/12/2025,ย้ายสาขาต้องใช้เอกสารอะไรบ้าง,บอทตอบกลับ,1,เข้าใจข้อคำถาม,1
4/30/2025,ย้ายสาขาต้องใช้เอกสารอะไรบ้าง,บอทตอบกลับ,1,เข้าใจข้อคำถาม,1
5/4/2025,ย้ายสาขาต้องใช้เอกสารอะไรบ้าง,บอทตอบกลับ,1,เข้าใจข้อคำถาม,1
5/24/2025,ย้ายสาขาต้องใช้เอกสารอะไรบ้าง,บอทตอบกลับ,1,เข้าใจข้อคำถาม,1
5/31/2025,ย้ายสาขาต้องใช้เอกสารอะไรบ้าง,บอทตอบกลับ,1,เข้าใจข้อคำถาม,1
5/29/2025,ย้ายสาขาต้องใช้เอกสารอะไรบ้าง,บอทตอบกลับ,1,เข้าใจข้อคำถาม,1
5/20/2025,ย้ายสาขาต้องใช้เอกสารอะไรบ้าง,บอทตอบกลับ,1,เข้าใจข้อคำถาม,1
3/9/2025,ย้ายสาขาต้องใช้เอกสารอะไรบ้าง,บอทตอบกลับ,1,เข้าใจข้อคำถาม,1
5/8/2025,ย้ายสาขาต้องใช้เอกสารอะไรบ้าง,บอทตอบกลับ,1,เข้าใจข้อคำถาม,1
4/8/2025,ย้ายสาขาต้องใช้เอกสารอะไรบ้าง,บอทตอบกลับ,1,เข้าใจข้อคำถาม,1
4/1/2025,ย้ายสาขาต้องใช้เอกสารอะไรบ้าง,บอทตอบกลับ,1,เข้าใจข้อคำถาม,1
5/21/2025,ย้ายสาขาต้องใช้เอกสารอะไรบ้าง,บอทตอบกลับ,1,เข้าใจข้อคำถาม,1
5/19/2025,ย้ายสาขาต้องใช้เอกสารอะไรบ้าง,บอทตอบกลับ,1,เข้าใจข้อคำถาม,1
4/7/2025,ย้ายสาขาต้องใช้เอกสารอะไรบ้าง,บอทตอบกลับ,1,เข้าใจข้อคำถาม,1
5/25/2025,ห้องสมุดเปิดกี่โมง,บอทตอบกลับ,1,เข้าใจข้อคำถาม,1
5/30/2025,ห้องสมุดเปิดกี่โมง,บอทตอบกลับ,1,เข้าใจข้อคำถาม,1
5/6/2025,ห้องสมุดเปิดกี่โมง,บอทตอบกลับ,1,เข้าใจข้อคำถาม,1
5/23/2025,ห้องสมุดเปิดกี่โมง,บอทตอบกลับ,1,เข้าใจข้อคำถาม,1
3/10/2025,ห้องสมุดเปิดกี่โมง,บอทตอบกลับ,1,เข้าใจข้อคำถาม,1
3/13/2025,ห้องสมุดเปิดกี่โมง,บอทตอบกลับ,1,เข้าใจข้อคำถาม,1
5/26/2025,ห้องสมุดเปิดกี่โมง,บอทตอบกลับ,1,เข้าใจข้อคำถาม,1
5/30/2025,ห้องสมุดเปิดกี่โมง,บอทตอบกลับ,1,เข้าใจข้อคำถาม,1
5/23/2025,ห้องสมุดเปิดกี่โมง,บอทตอบกลับ,1,เข้าใจข้อคำถาม,1
5/17/2025,ปีการศึกษานี้มีวันหยุดวันไหนบ้าง,บอทตอบกลับ,1,เข้าใจข้อคำถาม,1
5/25/2025,ปีการศึกษานี้มีวันหยุดวันไหนบ้าง,บอทตอบกลับ,1,เข้าใจข้อคำถาม,1
4/8/2025,ปีการศึกษานี้มีวันหยุดวันไหนบ้าง,บอทตอบกลับ,1,เข้าใจข้อคำถาม,1
4/16/2025,ปีการศึกษานี้มีวันหยุดวันไหนบ้าง,บอทตอบกลับ,1,เข้าใจข้อคำถาม,1
4/4/2025,ปีการศึกษานี้มีวันหยุดวันไหนบ้าง,บอทตอบกลับ,1,เข้าใจข้อคำถาม,1
5/9/2025,ปีการศึกษานี้มีวันหยุดวันไหนบ้าง,บอทตอบกลับ,1,เข้าใจข้อคำถาม,1
5/16/2025,ปีการศึกษานี้มีวันหยุดวันไหนบ้าง,บอทตอบกลับ,1,เข้าใจข้อคำถาม,1
3/1/2025,ปีการศึกษานี้มีวันหยุดวันไหนบ้าง,บอทตอบกลับ,1,เข้าใจข้อคำถาม,1
5/16/2025,ปีการศึกษานี้มีวันหยุดวันไหนบ้าง,บอทตอบกลับ,1,เข้าใจข้อคำถาม,1
4/16/2025,ปีการศึกษานี้มีวันหยุดวันไหนบ้าง,บอทตอบกลับ,1,เข้าใจข้อคำถาม,1
5/21/2025,ปีการศึกษานี้มีวันหยุดวันไหนบ้าง,บอทตอบกลับ,1,เข้าใจข้อคำถาม,1
5/20/2025,ปีการศึกษานี้มีวันหยุดวันไหนบ้าง,บอทตอบกลับ,1,เข้าใจข้อคำถาม,1
3/11/2025,ปีการศึกษานี้มีวันหยุดวันไหนบ้าง,บอทตอบกลับ,1,เข้าใจข้อคำถาม,1
5/27/2025,ปีการศึกษานี้มีวันหยุดวันไหนบ้าง,บอทตอบกลับ,1,เข้าใจข้อคำถาม,1
5/24/2025,ปีการศึกษานี้มีวันหยุดวันไหนบ้าง,บอทตอบกลับ,1,เข้าใจข้อคำถาม,1
5/28/2025,ปีการศึกษานี้มีวันหยุดวันไหนบ้าง,บอทตอบกลับ,1,เข้าใจข้อคำถาม,1
3/5/2025,ปีการศึกษานี้มีวันหยุดวันไหนบ้าง,บอทตอบกลับ,1,เข้าใจข้อคำถาม,1
3/23/2025,ปีการศึกษานี้มีวันหยุดวันไหนบ้าง,บอทตอบกลับ,1,เข้าใจข้อคำถาม,1
5/14/2025,ปีการศึกษานี้มีวันหยุดวันไหนบ้าง,บอทตอบกลับ,1,เข้าใจข้อคำถาม,1
3/12/2025,ปีการศึกษานี้มีวันหยุดวันไหนบ้าง,บอทตอบกลับ,1,เข้าใจข้อคำถาม,1
3/1/2025,ปีการศึกษานี้มีวันหยุดวันไหนบ้าง,บอทตอบกลับ,1,เข้าใจข้อคำถาม,1
4/23/2025,ปีการศึกษานี้มีวันหยุดวันไหนบ้าง,บอทตอบกลับ,1,เข้าใจข้อคำถาม,1
5/17/2025,ปีการศึกษานี้มีวันหยุดวันไหนบ้าง,บอทตอบกลับ,1,เข้าใจข้อคำถาม,1
5/25/2025,ปีการศึกษานี้มีวันหยุดวันไหนบ้าง,บอทตอบกลับ,1,เข้าใจข้อคำถาม,1
4/13/2025,ต้องการรีเซ็ตรหัสผ่านเว็บทะเบียน,บอทตอบกลับ,1,เข้าใจข้อคำถาม,1
4/7/2025,ต้องการรีเซ็ตรหัสผ่านเว็บทะเบียน,บอทตอบกลับ,1,เข้าใจข้อคำถาม,1
3/31/2025,ต้องการรีเซ็ตรหัสผ่านเว็บทะเบียน,บอทตอบกลับ,1,เข้าใจข้อคำถาม,1
5/27/2025,ต้องการรีเซ็ตรหัสผ่านเว็บทะเบียน,บอทตอบกลับ,1,เข้าใจข้อคำถาม,1
5/22/2025,ต้องการรีเซ็ตรหัสผ่านเว็บทะเบียน,บอทตอบกลับ,1,เข้าใจข้อคำถาม,1
5/25/2025,ต้องการรีเซ็ตรหัสผ่านเว็บทะเบียน,บอทตอบกลับ,1,เข้าใจข้อคำถาม,1
3/15/2025,ปีการศึกษา 2568 รับปริญญาวันไหน,บอทตอบกลับ,1,เข้าใจข้อคำถาม,1
4/28/2025,ปีการศึกษา 2568 รับปริญญาวันไหน,บอทตอบกลับ,1,เข้าใจข้อคำถาม,1
5/24/2025,ปีการศึกษา 2568 รับปริญญาวันไหน,บอทตอบกลับ,1,เข้าใจข้อคำถาม,1
4/27/2025,ปีการศึกษา 2568 รับปริญญาวันไหน,บอทตอบกลับ,1,เข้าใจข้อคำถาม,1
4/7/2025,ปีการศึกษา 2568 รับปริญญาวันไหน,บอทตอบกลับ,1,เข้าใจข้อคำถาม,1
5/24/2025,ปีการศึกษา 2568 รับปริญญาวันไหน,บอทตอบกลับ,1,เข้าใจข้อคำถาม,1
5/27/2025,ปีการศึกษา 2568 รับปริญญาวันไหน,บอทตอบกลับ,1,เข้าใจข้อคำถาม,1
5/24/2025,ปีการศึกษา 2568 รับปริญญาวันไหน,บอทตอบกลับ,1,เข้าใจข้อคำถาม,1
5/11/2025,ปีการศึกษา 2568 รับปริญญาวันไหน,บอทตอบกลับ,1,เข้าใจข้อคำถาม,1
5/31/2025,ปีการศึกษา 2568 รับปริญญาวันไหน,บอทตอบกลับ,1,เข้าใจข้อคำถาม,1
3/22/2025,ปีการศึกษา 2568 รับปริญญาวันไหน,บอทตอบกลับ,1,เข้าใจข้อคำถาม,1
4/26/2025,ปีการศึกษา 2568 รับปริญญาวันไหน,บอทตอบกลับ,1,เข้าใจข้อคำถาม,1
4/8/2025,ปีการศึกษา 2568 รับปริญญาวันไหน,บอทตอบกลับ,1,เข้าใจข้อคำถาม,1
4/1/2025,ปีการศึกษา 2568 รับปริญญาวันไหน,บอทตอบกลับ,1,เข้าใจข้อคำถาม,1
5/17/2025,ปีการศึกษา 2568 รับปริญญาวันไหน,บอทตอบกลับ,1,เข้าใจข้อคำถาม,1
4/4/2025,ปีการศึกษา 2568 รับปริญญาวันไหน,บอทตอบกลับ,1,เข้าใจข้อคำถาม,1
5/27/2025,ปีการศึกษา 2568 รับปริญญาวันไหน,บอทตอบกลับ,1,เข้าใจข้อคำถาม,1
3/15/2025,ปีการศึกษา 2568 รับปริญญาวันไหน,บอทตอบกลับ,1,เข้าใจข้อคำถาม,1
3/16/2025,ปีการศึกษา 2568 รับปริญญาวันไหน,บอทตอบกลับ,1,เข้าใจข้อคำถาม,1
5/27/2025,ปีการศึกษา 2568 รับปริญญาวันไหน,บอทตอบกลับ,1,เข้าใจข้อคำถาม,1
5/21/2025,ปีการศึกษา 2568 รับปริญญาวันไหน,บอทตอบกลับ,1,เข้าใจข้อคำถาม,1
3/22/2025,ปีการศึกษา 2568 รับปริญญาวันไหน,บอทตอบกลับ,1,เข้าใจข้อคำถาม,1
5/28/2025,ปีการศึกษา 2568 รับปริญญาวันไหน,บอทตอบกลับ,1,เข้าใจข้อคำถาม,1
5/26/2025,ปีการศึกษา 2568 รับปริญญาวันไหน,บอทตอบกลับ,1,เข้าใจข้อคำถาม,1
5/22/2025,ปีการศึกษา 2568 รับปริญญาวันไหน,บอทตอบกลับ,1,เข้าใจข้อคำถาม,1
3/8/2025,ปีการศึกษา 2568 รับปริญญาวันไหน,บอทตอบกลับ,1,เข้าใจข้อคำถาม,1
4/17/2025,ปีการศึกษา 2568 รับปริญญาวันไหน,บอทตอบกลับ,1,เข้าใจข้อคำถาม,1
4/8/2025,ปีการศึกษา 2568 รับปริญญาวันไหน,บอทตอบกลับ,1,เข้าใจข้อคำถาม,1
5/8/2025,ปีการศึกษา 2568 รับปริญญาวันไหน,บอทตอบกลับ,1,เข้าใจข้อคำถาม,1
4/13/2025,ปีการศึกษา 2568 รับปริญญาวันไหน,บอทตอบกลับ,1,เข้าใจข้อคำถาม,1
5/22/2025,ช่องทางแจ้งปัญหา,บอทตอบกลับ,1,เข้าใจข้อคำถาม,1
3/15/2025,ช่องทางแจ้งปัญหา,บอทตอบกลับ,1,เข้าใจข้อคำถาม,1
5/14/2025,ยื่นเอกสารออนไลน์ผ่านช่องทางไหนได้บ้าง,บอทตอบกลับ,1,เข้าใจข้อคำถาม,1
5/19/2025,ยื่นเอกสารออนไลน์ผ่านช่องทางไหนได้บ้าง,บอทตอบกลับ,1,เข้าใจข้อคำถาม,1
5/16/2025,ยื่นเอกสารออนไลน์ผ่านช่องทางไหนได้บ้าง,บอทตอบกลับ,1,เข้าใจข้อคำถาม,1
3/21/2025,ยื่นเอกสารออนไลน์ผ่านช่องทางไหนได้บ้าง,บอทตอบกลับ,1,เข้าใจข้อคำถาม,1
